Species Link,Species,Order,Family,Number of recordings,Songs,Calls,Instr.,Juveniles,Undefined,Date of last modification,Download Link
https://www.tierstimmenarchiv.de/RefSys/Species.php?PHPSESSID=2r983p6i4fov1oqv9a3b3qcn92&Species=Turdus%20iliacus&Page=1,"Turdus iliacus
(Redwing)",Passeriformes,Turdidae,13,8,4,-,-,-,11.01.2017,https://www.tierstimmenarchiv.de/RefSys/downloadSpecies.php?&Species=Turdus%20iliacus
https://www.tierstimmenarchiv.de/RefSys/Species.php?PHPSESSID=2r983p6i4fov1oqv9a3b3qcn92&Species=Acrocephalus%20scirpaceus&Page=1,"Acrocephalus scirpaceus
(Eurasian Reed Warbler)",Passeriformes,Acrocephalidae,59,43,5,-,9,2,03.11.2016,https://www.tierstimmenarchiv.de/RefSys/downloadSpecies.php?&Species=Acrocephalus%20scirpaceus
https://www.tierstimmenarchiv.de/RefSys/Species.php?PHPSESSID=2r983p6i4fov1oqv9a3b3qcn92&Species=Porzana%20porzana&Page=1,"Porzana porzana
(Spotted Crake)",Gruiformes,Rallidae,66,66,-,-,-,-,29.08.2016,https://www.tierstimmenarchiv.de/RefSys/downloadSpecies.php?&Species=Porzana%20porzana
https://www.tierstimmenarchiv.de/RefSys/Species.php?PHPSESSID=2r983p6i4fov1oqv9a3b3qcn92&Species=Remiz%20pendulinus&Page=1,"Remiz pendulinus
(Eurasian Penduline Tit)",Passeriformes,Remizidae,9,-,9,-,-,-,30.05.2016,https://www.tierstimmenarchiv.de/RefSys/downloadSpecies.php?&Species=Remiz%20pendulinus
https://www.tierstimmenarchiv.de/RefSys/Species.php?PHPSESSID=2r983p6i4fov1oqv9a3b3qcn92&Species=Regulus%20regulus&Page=1,"Regulus regulus
(Goldcrest)",Passeriformes,Regulidae,20,12,8,-,-,-,30.05.2016,https://www.tierstimmenarchiv.de/RefSys/downloadSpecies.php?&Species=Regulus%20regulus
https://www.tierstimmenarchiv.de/RefSys/Species.php?PHPSESSID=2r983p6i4fov1oqv9a3b3qcn92&Species=Poecile%20montanus&Page=1,"Poecile montanus
(Willow Tit)",Passeriformes,Paridae,20,13,7,-,-,-,30.05.2016,https://www.tierstimmenarchiv.de/RefSys/downloadSpecies.php?&Species=Poecile%20montanus
https://www.tierstimmenarchiv.de/RefSys/Species.php?PHPSESSID=2r983p6i4fov1oqv9a3b3qcn92&Species=Phoenicopterus%20roseus&Page=1,"Phoenicopterus roseus
(Greater Flamingo)",Flamingos,Phoenicopteridae,2,-,2,-,-,-,30.05.2016,https://www.tierstimmenarchiv.de/RefSys/downloadSpecies.php?&Species=Phoenicopterus%20roseus
https://www.tierstimmenarchiv.de/RefSys/Species.php?PHPSESSID=2r983p6i4fov1oqv9a3b3qcn92&Species=Parus%20major&Page=1,"Parus major
(Great Tit)",Passeriformes,Paridae,145,60,84,-,-,1,30.05.2016,https://www.tierstimmenarchiv.de/RefSys/downloadSpecies.php?&Species=Parus%20major
https://www.tierstimmenarchiv.de/RefSys/Species.php?PHPSESSID=2r983p6i4fov1oqv9a3b3qcn92&Species=Lullula%20arborea&Page=1,"Lullula arborea
(Woodlark)",Passeriformes,Alaudidae,22,15,7,-,-,-,30.05.2016,https://www.tierstimmenarchiv.de/RefSys/downloadSpecies.php?&Species=Lullula%20arborea
https://www.tierstimmenarchiv.de/RefSys/Species.php?PHPSESSID=2r983p6i4fov1oqv9a3b3qcn92&Species=Crex%20crex&Page=1,"Crex crex
(Corn Crake)",Gruiformes,Rallidae,18,18,-,-,-,-,30.05.2016,https://www.tierstimmenarchiv.de/RefSys/downloadSpecies.php?&Species=Crex%20crex
https://www.tierstimmenarchiv.de/RefSys/Species.php?PHPSESSID=2r983p6i4fov1oqv9a3b3qcn92&Species=Phylloscopus%20trochilus&Page=1,"Phylloscopus trochilus
(Willow Warbler)",Passeriformes,Phylloscopidae,133,112,21,-,-,-,27.05.2016,https://www.tierstimmenarchiv.de/RefSys/downloadSpecies.php?&Species=Phylloscopus%20trochilus
https://www.tierstimmenarchiv.de/RefSys/Species.php?PHPSESSID=2r983p6i4fov1oqv9a3b3qcn92&Species=Dendrocopos%20major&Page=1,"Dendrocopos major
(Great Spotted Woodpecker)",Piciformes,Picidae,53,-,18,20,15,-,29.02.2016,https://www.tierstimmenarchiv.de/RefSys/downloadSpecies.php?&Species=Dendrocopos%20major
https://www.tierstimmenarchiv.de/RefSys/Species.php?PHPSESSID=2r983p6i4fov1oqv9a3b3qcn92&Species=Turdus%20merula&Page=1,"Turdus merula
(Common Blackbird)",Passeriformes,Turdidae,156,139,17,-,-,-,27.05.2015,https://www.tierstimmenarchiv.de/RefSys/downloadSpecies.php?&Species=Turdus%20merula
https://www.tierstimmenarchiv.de/RefSys/Species.php?PHPSESSID=2r983p6i4fov1oqv9a3b3qcn92&Species=Tringa%20totanus&Page=1,"Tringa totanus
(Common Redshank)",Charadriiformes,Scolopacidae,13,-,13,-,-,-,27.05.2015,https://www.tierstimmenarchiv.de/RefSys/downloadSpecies.php?&Species=Tringa%20totanus
https://www.tierstimmenarchiv.de/RefSys/Species.php?PHPSESSID=2r983p6i4fov1oqv9a3b3qcn92&Species=Sylvia%20melanocephala&Page=1,"Sylvia melanocephala
(Sardinian Warbler)",Passeriformes,Sylviidae,50,22,28,-,-,-,27.05.2015,https://www.tierstimmenarchiv.de/RefSys/downloadSpecies.php?&Species=Sylvia%20melanocephala
https://www.tierstimmenarchiv.de/RefSys/Species.php?PHPSESSID=2r983p6i4fov1oqv9a3b3qcn92&Species=Sylvia%20atricapilla&Page=1,"Sylvia atricapilla
(Eurasian Blackcap)",Passeriformes,Sylviidae,110,84,14,-,12,-,27.05.2015,https://www.tierstimmenarchiv.de/RefSys/downloadSpecies.php?&Species=Sylvia%20atricapilla
https://www.tierstimmenarchiv.de/RefSys/Species.php?PHPSESSID=2r983p6i4fov1oqv9a3b3qcn92&Species=Sitta%20europaea&Page=1,"Sitta europaea
(Eurasian Nuthatch)",Passeriformes,Sittidae,37,12,23,-,2,-,27.05.2015,https://www.tierstimmenarchiv.de/RefSys/downloadSpecies.php?&Species=Sitta%20europaea
https://www.tierstimmenarchiv.de/RefSys/Species.php?PHPSESSID=2r983p6i4fov1oqv9a3b3qcn92&Species=Rallus%20aquaticus&Page=1,"Rallus aquaticus
(Water Rail)",Gruiformes,Rallidae,113,50,63,-,-,-,27.05.2015,https://www.tierstimmenarchiv.de/RefSys/downloadSpecies.php?&Species=Rallus%20aquaticus
https://www.tierstimmenarchiv.de/RefSys/Species.php?PHPSESSID=2r983p6i4fov1oqv9a3b3qcn92&Species=Phylloscopus%20collybita&Page=1,"Phylloscopus collybita
(Common Chiffchaff)",Passeriformes,Phylloscopidae,132,74,58,-,-,-,27.05.2015,https://www.tierstimmenarchiv.de/RefSys/downloadSpecies.php?&Species=Phylloscopus%20collybita
https://www.tierstimmenarchiv.de/RefSys/Species.php?PHPSESSID=2r983p6i4fov1oqv9a3b3qcn92&Species=Periparus%20ater&Page=1,"Periparus ater
(Coal Tit)",Passeriformes,Paridae,187,103,84,-,-,-,27.05.2015,https://www.tierstimmenarchiv.de/RefSys/downloadSpecies.php?&Species=Periparus%20ater
https://www.tierstimmenarchiv.de/RefSys/Species.php?PHPSESSID=2r983p6i4fov1oqv9a3b3qcn92&Species=Passer%20domesticus&Page=1,"Passer domesticus
(House Sparrow)",Passeriformes,Passeridae,23,12,11,-,-,-,27.05.2015,https://www.tierstimmenarchiv.de/RefSys/downloadSpecies.php?&Species=Passer%20domesticus
https://www.tierstimmenarchiv.de/RefSys/Species.php?PHPSESSID=2r983p6i4fov1oqv9a3b3qcn92&Species=Monticola%20solitarius&Page=1,"Monticola solitarius
(Blue Rock Thrush)",Passeriformes,Muscicapidae,10,10,-,-,-,-,27.05.2015,https://www.tierstimmenarchiv.de/RefSys/downloadSpecies.php?&Species=Monticola%20solitarius
https://www.tierstimmenarchiv.de/RefSys/Species.php?PHPSESSID=2r983p6i4fov1oqv9a3b3qcn92&Species=Luscinia%20megarhynchos&Page=1,"Luscinia megarhynchos
(Common Nightingale)",Passeriformes,Muscicapidae,179,152,27,-,-,-,27.05.2015,https://www.tierstimmenarchiv.de/RefSys/downloadSpecies.php?&Species=Luscinia%20megarhynchos
https://www.tierstimmenarchiv.de/RefSys/Species.php?PHPSESSID=2r983p6i4fov1oqv9a3b3qcn92&Species=Garrulus%20glandarius&Page=1,"Garrulus glandarius
(Eurasian Jay)",Passeriformes,Corvidae,24,-,24,-,-,-,27.05.2015,https://www.tierstimmenarchiv.de/RefSys/downloadSpecies.php?&Species=Garrulus%20glandarius
https://www.tierstimmenarchiv.de/RefSys/Species.php?PHPSESSID=2r983p6i4fov1oqv9a3b3qcn92&Species=Galerida%20cristata&Page=1,"Galerida cristata
(Crested Lark)",Passeriformes,Alaudidae,18,18,-,-,-,-,27.05.2015,https://www.tierstimmenarchiv.de/RefSys/downloadSpecies.php?&Species=Galerida%20cristata
https://www.tierstimmenarchiv.de/RefSys/Species.php?PHPSESSID=2r983p6i4fov1oqv9a3b3qcn92&Species=Emberiza%20citrinella&Page=1,"Emberiza citrinella
(Yellowhammer)",Passeriformes,Emberizidae,86,83,3,-,-,-,27.05.2015,https://www.tierstimmenarchiv.de/RefSys/downloadSpecies.php?&Species=Emberiza%20citrinella
https://www.tierstimmenarchiv.de/RefSys/Species.php?PHPSESSID=2r983p6i4fov1oqv9a3b3qcn92&Species=Emberiza%20cia&Page=1,"Emberiza cia
(Rock Bunting)",Passeriformes,Emberizidae,2,-,2,-,-,-,27.05.2015,https://www.tierstimmenarchiv.de/RefSys/downloadSpecies.php?&Species=Emberiza%20cia
https://www.tierstimmenarchiv.de/RefSys/Species.php?PHPSESSID=2r983p6i4fov1oqv9a3b3qcn92&Species=Dryocopus%20martius&Page=1,"Dryocopus martius
(Black Woodpecker)",Piciformes,Picidae,53,5,28,6,14,-,27.05.2015,https://www.tierstimmenarchiv.de/RefSys/downloadSpecies.php?&Species=Dryocopus%20martius
https://www.tierstimmenarchiv.de/RefSys/Species.php?PHPSESSID=2r983p6i4fov1oqv9a3b3qcn92&Species=Certhia%20brachydactyla&Page=1,"Certhia brachydactyla
(Short-toed Treecreeper)",Passeriformes,Certhiidae,42,29,12,-,-,1,27.05.2015,https://www.tierstimmenarchiv.de/RefSys/downloadSpecies.php?&Species=Certhia%20brachydactyla
https://www.tierstimmenarchiv.de/RefSys/Species.php?PHPSESSID=2r983p6i4fov1oqv9a3b3qcn92&Species=Calidris%20ferruginea&Page=1,"Calidris ferruginea
(Curlew Sandpiper)",Charadriiformes,Scolopacidae,3,-,3,-,-,-,27.05.2015,https://www.tierstimmenarchiv.de/RefSys/downloadSpecies.php?&Species=Calidris%20ferruginea
https://www.tierstimmenarchiv.de/RefSys/Species.php?PHPSESSID=2r983p6i4fov1oqv9a3b3qcn92&Species=Acrocephalus%20palustris&Page=1,"Acrocephalus palustris
(Marsh Warbler)",Passeriformes,Acrocephalidae,37,34,3,-,-,-,27.05.2015,https://www.tierstimmenarchiv.de/RefSys/downloadSpecies.php?&Species=Acrocephalus%20palustris
https://www.tierstimmenarchiv.de/RefSys/Species.php?PHPSESSID=2r983p6i4fov1oqv9a3b3qcn92&Species=Pyrrhocorax%20pyrrhocorax&Page=1,"Pyrrhocorax pyrrhocorax
(Red-billed Chough)",Passeriformes,Corvidae,5,-,5,-,-,-,27.05.2015,https://www.tierstimmenarchiv.de/RefSys/downloadSpecies.php?&Species=Pyrrhocorax%20pyrrhocorax
https://www.tierstimmenarchiv.de/RefSys/Species.php?PHPSESSID=2r983p6i4fov1oqv9a3b3qcn92&Species=Pyrrhocorax%20graculus&Page=1,"Pyrrhocorax graculus
(Alpine Chough)",Passeriformes,Corvidae,2,-,2,-,-,-,27.05.2015,https://www.tierstimmenarchiv.de/RefSys/downloadSpecies.php?&Species=Pyrrhocorax%20graculus
https://www.tierstimmenarchiv.de/RefSys/Species.php?PHPSESSID=2r983p6i4fov1oqv9a3b3qcn92&Species=Oenanthe%20leucura&Page=1,"Oenanthe leucura
(Black Wheatear)",Passeriformes,Muscicapidae,5,5,-,-,-,-,27.05.2015,https://www.tierstimmenarchiv.de/RefSys/downloadSpecies.php?&Species=Oenanthe%20leucura
https://www.tierstimmenarchiv.de/RefSys/Species.php?PHPSESSID=2r983p6i4fov1oqv9a3b3qcn92&Species=Melanocorypha%20calandra&Page=1,"Melanocorypha calandra
(Calandra Lark)",Passeriformes,Alaudidae,1,1,-,-,-,-,27.05.2015,https://www.tierstimmenarchiv.de/RefSys/downloadSpecies.php?&Species=Melanocorypha%20calandra
https://www.tierstimmenarchiv.de/RefSys/Species.php?PHPSESSID=2r983p6i4fov1oqv9a3b3qcn92&Species=Galerida%20theklae&Page=1,"Galerida theklae
(Thekla Lark)",Passeriformes,Alaudidae,2,-,2,-,-,-,27.05.2015,https://www.tierstimmenarchiv.de/RefSys/downloadSpecies.php?&Species=Galerida%20theklae
https://www.tierstimmenarchiv.de/RefSys/Species.php?PHPSESSID=2r983p6i4fov1oqv9a3b3qcn92&Species=Eumodicogryllus%20bordigalensis&Page=1,"Eumodicogryllus bordigalensis
(Bordeaux cricket)",Orthoptera,Gryllidae,3,3,-,-,-,-,27.05.2015,https://www.tierstimmenarchiv.de/RefSys/downloadSpecies.php?&Species=Eumodicogryllus%20bordigalensis
https://www.tierstimmenarchiv.de/RefSys/Species.php?PHPSESSID=2r983p6i4fov1oqv9a3b3qcn92&Species=Cisticola%20juncidis&Page=1,"Cisticola juncidis
(Zitting Cisticola)",Passeriformes,Cisticolidae,2,-,2,-,-,-,27.05.2015,https://www.tierstimmenarchiv.de/RefSys/downloadSpecies.php?&Species=Cisticola%20juncidis
https://www.tierstimmenarchiv.de/RefSys/Species.php?PHPSESSID=2r983p6i4fov1oqv9a3b3qcn92&Species=Calandrella%20rufescens&Page=1,"Calandrella rufescens
(Lesser Short-toed Lark)",Passeriformes,Alaudidae,3,3,-,-,-,-,27.05.2015,https://www.tierstimmenarchiv.de/RefSys/downloadSpecies.php?&Species=Calandrella%20rufescens
https://www.tierstimmenarchiv.de/RefSys/Species.php?PHPSESSID=2r983p6i4fov1oqv9a3b3qcn92&Species=Anthus%20cervinus&Page=1,"Anthus cervinus
(Red-throated Pipit)",Passeriformes,Motacillidae,1,-,1,-,-,-,27.05.2015,https://www.tierstimmenarchiv.de/RefSys/downloadSpecies.php?&Species=Anthus%20cervinus
https://www.tierstimmenarchiv.de/RefSys/Species.php?PHPSESSID=2r983p6i4fov1oqv9a3b3qcn92&Species=Alectoris%20rufa&Page=1,"Alectoris rufa
(Red-legged Partridge)",Galliformes,Phasianidae,3,3,-,-,-,-,27.05.2015,https://www.tierstimmenarchiv.de/RefSys/downloadSpecies.php?&Species=Alectoris%20rufa
https://www.tierstimmenarchiv.de/RefSys/Species.php?PHPSESSID=2r983p6i4fov1oqv9a3b3qcn92&Species=Acrocephalus%20paludicola&Page=1,"Acrocephalus paludicola
(Aquatic Warbler)",Passeriformes,Acrocephalidae,3,3,-,-,-,-,27.05.2015,https://www.tierstimmenarchiv.de/RefSys/downloadSpecies.php?&Species=Acrocephalus%20paludicola
https://www.tierstimmenarchiv.de/RefSys/Species.php?PHPSESSID=2r983p6i4fov1oqv9a3b3qcn92&Species=Lagopus%20muta&Page=1,"Lagopus muta
(Rock Ptarmigan)",Galliformes,Phasianidae,6,1,5,-,-,-,05.03.2015,https://www.tierstimmenarchiv.de/RefSys/downloadSpecies.php?&Species=Lagopus%20muta
https://www.tierstimmenarchiv.de/RefSys/Species.php?PHPSESSID=2r983p6i4fov1oqv9a3b3qcn92&Species=Fringilla%20coelebs&Page=1,"Fringilla coelebs
(Common Chaffinch)",Passeriformes,Fringillidae,261,216,45,-,-,-,05.03.2015,https://www.tierstimmenarchiv.de/RefSys/downloadSpecies.php?&Species=Fringilla%20coelebs
https://www.tierstimmenarchiv.de/RefSys/Species.php?PHPSESSID=2r983p6i4fov1oqv9a3b3qcn92&Species=Tetrao%20urogallus&Page=1,"Tetrao urogallus
(Western Capercaillie)",Galliformes,Phasianidae,3,3,-,-,-,-,04.03.2015,https://www.tierstimmenarchiv.de/RefSys/downloadSpecies.php?&Species=Tetrao%20urogallus
https://www.tierstimmenarchiv.de/RefSys/Species.php?PHPSESSID=2r983p6i4fov1oqv9a3b3qcn92&Species=Sylvia%20undata&Page=1,"Sylvia undata
(Dartford Warbler)",Passeriformes,Sylviidae,6,3,2,-,-,1,04.03.2015,https://www.tierstimmenarchiv.de/RefSys/downloadSpecies.php?&Species=Sylvia%20undata
https://www.tierstimmenarchiv.de/RefSys/Species.php?PHPSESSID=2r983p6i4fov1oqv9a3b3qcn92&Species=Sylvia%20cantillans&Page=1,"Sylvia cantillans
(Subalpine Warbler)",Passeriformes,Sylviidae,14,14,-,-,-,-,04.03.2015,https://www.tierstimmenarchiv.de/RefSys/downloadSpecies.php?&Species=Sylvia%20cantillans
https://www.tierstimmenarchiv.de/RefSys/Species.php?PHPSESSID=2r983p6i4fov1oqv9a3b3qcn92&Species=Sterna%20paradisaea&Page=1,"Sterna paradisaea
(Arctic Tern)",Charadriiformes,Laridae,3,-,3,-,-,-,04.03.2015,https://www.tierstimmenarchiv.de/RefSys/downloadSpecies.php?&Species=Sterna%20paradisaea
https://www.tierstimmenarchiv.de/RefSys/Species.php?PHPSESSID=2r983p6i4fov1oqv9a3b3qcn92&Species=Recurvirostra%20avosetta&Page=1,"Recurvirostra avosetta
(Pied Avocet)",Charadriiformes,Recurvirostridae,6,-,6,-,-,-,04.03.2015,https://www.tierstimmenarchiv.de/RefSys/downloadSpecies.php?&Species=Recurvirostra%20avosetta
https://www.tierstimmenarchiv.de/RefSys/Species.php?PHPSESSID=2r983p6i4fov1oqv9a3b3qcn92&Species=Rana%20temporaria&Page=1,"Rana temporaria
(European common frog)",Anura,Ranidae,4,-,4,-,-,-,04.03.2015,https://www.tierstimmenarchiv.de/RefSys/downloadSpecies.php?&Species=Rana%20temporaria
https://www.tierstimmenarchiv.de/RefSys/Species.php?PHPSESSID=2r983p6i4fov1oqv9a3b3qcn92&Species=Hyla%20meridionalis&Page=1,"Hyla meridionalis
(Mediterranean tree frog)",Anura,Hylidae,1,-,1,-,-,-,04.03.2015,https://www.tierstimmenarchiv.de/RefSys/downloadSpecies.php?&Species=Hyla%20meridionalis
https://www.tierstimmenarchiv.de/RefSys/Species.php?PHPSESSID=2r983p6i4fov1oqv9a3b3qcn92&Species=Himantopus%20himantopus&Page=1,"Himantopus himantopus
(Black-winged Stilt)",Charadriiformes,Recurvirostridae,4,-,4,-,-,-,04.03.2015,https://www.tierstimmenarchiv.de/RefSys/downloadSpecies.php?&Species=Himantopus%20himantopus
https://www.tierstimmenarchiv.de/RefSys/Species.php?PHPSESSID=2r983p6i4fov1oqv9a3b3qcn92&Species=Charadrius%20hiaticula&Page=1,"Charadrius hiaticula
(Common Ringed Plover)",Charadriiformes,Charadriidae,2,-,2,-,-,-,04.03.2015,https://www.tierstimmenarchiv.de/RefSys/downloadSpecies.php?&Species=Charadrius%20hiaticula
https://www.tierstimmenarchiv.de/RefSys/Species.php?PHPSESSID=2r983p6i4fov1oqv9a3b3qcn92&Species=Cettia%20cetti&Page=1,"Cettia cetti
(Cetti's Warbler)",Passeriformes,Cettiidae,3,3,-,-,-,-,04.03.2015,https://www.tierstimmenarchiv.de/RefSys/downloadSpecies.php?&Species=Cettia%20cetti
https://www.tierstimmenarchiv.de/RefSys/Species.php?PHPSESSID=2r983p6i4fov1oqv9a3b3qcn92&Species=Calandrella%20brachydactyla&Page=1,"Calandrella brachydactyla
(Greater Short-toed Lark)",Passeriformes,Alaudidae,6,6,-,-,-,-,04.03.2015,https://www.tierstimmenarchiv.de/RefSys/downloadSpecies.php?&Species=Calandrella%20brachydactyla
https://www.tierstimmenarchiv.de/RefSys/Species.php?PHPSESSID=2r983p6i4fov1oqv9a3b3qcn92&Species=Bombina%20variegata&Page=1,"Bombina variegata
(Yellow-bellied Toad)",Anura,Discoglossidae,3,-,3,-,-,-,04.03.2015,https://www.tierstimmenarchiv.de/RefSys/downloadSpecies.php?&Species=Bombina%20variegata
https://www.tierstimmenarchiv.de/RefSys/Species.php?PHPSESSID=2r983p6i4fov1oqv9a3b3qcn92&Species=Tachybaptus%20ruficollis&Page=1,"Tachybaptus ruficollis
(Little Grebe)",Podicipediformes,Podicipedidae,17,-,12,-,5,-,04.03.2015,https://www.tierstimmenarchiv.de/RefSys/downloadSpecies.php?&Species=Tachybaptus%20ruficollis
https://www.tierstimmenarchiv.de/RefSys/Species.php?PHPSESSID=2r983p6i4fov1oqv9a3b3qcn92&Species=Vanellus%20vanellus&Page=1,"Vanellus vanellus
(Northern Lapwing)",Charadriiformes,Charadriidae,12,-,12,-,-,-,04.03.2015,https://www.tierstimmenarchiv.de/RefSys/downloadSpecies.php?&Species=Vanellus%20vanellus
https://www.tierstimmenarchiv.de/RefSys/Species.php?PHPSESSID=2r983p6i4fov1oqv9a3b3qcn92&Species=Turdus%20pilaris&Page=1,"Turdus pilaris
(Fieldfare)",Passeriformes,Turdidae,54,5,49,-,-,-,04.03.2015,https://www.tierstimmenarchiv.de/RefSys/downloadSpecies.php?&Species=Turdus%20pilaris
https://www.tierstimmenarchiv.de/RefSys/Species.php?PHPSESSID=2r983p6i4fov1oqv9a3b3qcn92&Species=Troglodytes%20troglodytes&Page=1,"Troglodytes troglodytes
(Eurasian Wren)",Passeriformes,Troglodytidae,58,42,16,-,-,-,04.03.2015,https://www.tierstimmenarchiv.de/RefSys/downloadSpecies.php?&Species=Troglodytes%20troglodytes
https://www.tierstimmenarchiv.de/RefSys/Species.php?PHPSESSID=2r983p6i4fov1oqv9a3b3qcn92&Species=Sylvia%20conspicillata&Page=1,"Sylvia conspicillata
(Spectacled Warbler)",Passeriformes,Sylviidae,5,3,2,-,-,-,04.03.2015,https://www.tierstimmenarchiv.de/RefSys/downloadSpecies.php?&Species=Sylvia%20conspicillata
https://www.tierstimmenarchiv.de/RefSys/Species.php?PHPSESSID=2r983p6i4fov1oqv9a3b3qcn92&Species=Sylvia%20communis&Page=1,"Sylvia communis
(Common Whitethroat)",Passeriformes,Sylviidae,76,75,-,-,-,1,04.03.2015,https://www.tierstimmenarchiv.de/RefSys/downloadSpecies.php?&Species=Sylvia%20communis
https://www.tierstimmenarchiv.de/RefSys/Species.php?PHPSESSID=2r983p6i4fov1oqv9a3b3qcn92&Species=Sylvia%20borin&Page=1,"Sylvia borin
(Garden Warbler)",Passeriformes,Sylviidae,54,41,13,-,-,-,04.03.2015,https://www.tierstimmenarchiv.de/RefSys/downloadSpecies.php?&Species=Sylvia%20borin
https://www.tierstimmenarchiv.de/RefSys/Species.php?PHPSESSID=2r983p6i4fov1oqv9a3b3qcn92&Species=Riparia%20riparia&Page=1,"Riparia riparia
(Sand Martin)",Passeriformes,Hirundinidae,19,-,19,-,-,-,04.03.2015,https://www.tierstimmenarchiv.de/RefSys/downloadSpecies.php?&Species=Riparia%20riparia
https://www.tierstimmenarchiv.de/RefSys/Species.php?PHPSESSID=2r983p6i4fov1oqv9a3b3qcn92&Species=Rana%20esculenta&Page=1,"Rana esculenta
(Edible frog)",Anura,Ranidae,3,-,3,-,-,-,04.03.2015,https://www.tierstimmenarchiv.de/RefSys/downloadSpecies.php?&Species=Rana%20esculenta
https://www.tierstimmenarchiv.de/RefSys/Species.php?PHPSESSID=2r983p6i4fov1oqv9a3b3qcn92&Species=Pyrrhula%20pyrrhula&Page=1,"Pyrrhula pyrrhula
(Eurasian Bullfinch)",Passeriformes,Fringillidae,17,-,17,-,-,-,04.03.2015,https://www.tierstimmenarchiv.de/RefSys/downloadSpecies.php?&Species=Pyrrhula%20pyrrhula
https://www.tierstimmenarchiv.de/RefSys/Species.php?PHPSESSID=2r983p6i4fov1oqv9a3b3qcn92&Species=Prunella%20modularis&Page=1,"Prunella modularis
(Dunnock)",Passeriformes,Prunellidae,26,23,3,-,-,-,04.03.2015,https://www.tierstimmenarchiv.de/RefSys/downloadSpecies.php?&Species=Prunella%20modularis
https://www.tierstimmenarchiv.de/RefSys/Species.php?PHPSESSID=2r983p6i4fov1oqv9a3b3qcn92&Species=Poecile%20palustris&Page=1,"Poecile palustris
(Marsh Tit)",Passeriformes,Paridae,16,10,6,-,-,-,04.03.2015,https://www.tierstimmenarchiv.de/RefSys/downloadSpecies.php?&Species=Poecile%20palustris
https://www.tierstimmenarchiv.de/RefSys/Species.php?PHPSESSID=2r983p6i4fov1oqv9a3b3qcn92&Species=Pica%20pica&Page=1,"Pica pica
(Eurasian Magpie)",Passeriformes,Corvidae,20,-,20,-,-,-,04.03.2015,https://www.tierstimmenarchiv.de/RefSys/downloadSpecies.php?&Species=Pica%20pica
https://www.tierstimmenarchiv.de/RefSys/Species.php?PHPSESSID=2r983p6i4fov1oqv9a3b3qcn92&Species=Phoenicurus%20phoenicurus&Page=1,"Phoenicurus phoenicurus
(Common Redstart)",Passeriformes,Muscicapidae,155,149,6,-,-,-,04.03.2015,https://www.tierstimmenarchiv.de/RefSys/downloadSpecies.php?&Species=Phoenicurus%20phoenicurus
https://www.tierstimmenarchiv.de/RefSys/Species.php?PHPSESSID=2r983p6i4fov1oqv9a3b3qcn92&Species=Pelophylax%20ridibundus&Page=1,"Pelophylax ridibundus
(Marsh Frog)",Anura,Ranidae,3,-,3,-,-,-,04.03.2015,https://www.tierstimmenarchiv.de/RefSys/downloadSpecies.php?&Species=Pelophylax%20ridibundus
https://www.tierstimmenarchiv.de/RefSys/Species.php?PHPSESSID=2r983p6i4fov1oqv9a3b3qcn92&Species=Panurus%20biarmicus&Page=1,"Panurus biarmicus
(Bearded Reedling)",Passeriformes,Panuridae,15,-,15,-,-,-,04.03.2015,https://www.tierstimmenarchiv.de/RefSys/downloadSpecies.php?&Species=Panurus%20biarmicus
https://www.tierstimmenarchiv.de/RefSys/Species.php?PHPSESSID=2r983p6i4fov1oqv9a3b3qcn92&Species=Numenius%20arquata&Page=1,"Numenius arquata
(Eurasian Curlew)",Charadriiformes,Scolopacidae,5,-,5,-,-,-,04.03.2015,https://www.tierstimmenarchiv.de/RefSys/downloadSpecies.php?&Species=Numenius%20arquata
https://www.tierstimmenarchiv.de/RefSys/Species.php?PHPSESSID=2r983p6i4fov1oqv9a3b3qcn92&Species=Motacilla%20flava&Page=1,"Motacilla flava
(Western Yellow Wagtail)",Passeriformes,Motacillidae,17,3,14,-,-,-,04.03.2015,https://www.tierstimmenarchiv.de/RefSys/downloadSpecies.php?&Species=Motacilla%20flava
https://www.tierstimmenarchiv.de/RefSys/Species.php?PHPSESSID=2r983p6i4fov1oqv9a3b3qcn92&Species=Motacilla%20alba&Page=1,"Motacilla alba
(White Wagtail)",Passeriformes,Motacillidae,24,3,18,-,3,-,04.03.2015,https://www.tierstimmenarchiv.de/RefSys/downloadSpecies.php?&Species=Motacilla%20alba
https://www.tierstimmenarchiv.de/RefSys/Species.php?PHPSESSID=2r983p6i4fov1oqv9a3b3qcn92&Species=Hyla%20arborea&Page=1,"Hyla arborea
(European tree frog)",Anura,Hylidae,4,-,4,-,-,-,04.03.2015,https://www.tierstimmenarchiv.de/RefSys/downloadSpecies.php?&Species=Hyla%20arborea
https://www.tierstimmenarchiv.de/RefSys/Species.php?PHPSESSID=2r983p6i4fov1oqv9a3b3qcn92&Species=Hirundo%20rustica&Page=1,"Hirundo rustica
(Barn Swallow)",Passeriformes,Hirundinidae,23,10,13,-,-,-,04.03.2015,https://www.tierstimmenarchiv.de/RefSys/downloadSpecies.php?&Species=Hirundo%20rustica
https://www.tierstimmenarchiv.de/RefSys/Species.php?PHPSESSID=2r983p6i4fov1oqv9a3b3qcn92&Species=Haematopus%20ostralegus&Page=1,"Haematopus ostralegus
(Eurasian Oystercatcher)",Charadriiformes,Haematopodidae,16,-,16,-,-,-,04.03.2015,https://www.tierstimmenarchiv.de/RefSys/downloadSpecies.php?&Species=Haematopus%20ostralegus
https://www.tierstimmenarchiv.de/RefSys/Species.php?PHPSESSID=2r983p6i4fov1oqv9a3b3qcn92&Species=Emberiza%20schoeniclus&Page=1,"Emberiza schoeniclus
(Common Reed Bunting)",Passeriformes,Emberizidae,119,98,21,-,-,-,04.03.2015,https://www.tierstimmenarchiv.de/RefSys/downloadSpecies.php?&Species=Emberiza%20schoeniclus
https://www.tierstimmenarchiv.de/RefSys/Species.php?PHPSESSID=2r983p6i4fov1oqv9a3b3qcn92&Species=Cyanistes%20caeruleus&Page=1,"Cyanistes caeruleus
(Eurasian Blue Tit)",Passeriformes,Paridae,36,15,20,-,1,-,04.03.2015,https://www.tierstimmenarchiv.de/RefSys/downloadSpecies.php?&Species=Cyanistes%20caeruleus
https://www.tierstimmenarchiv.de/RefSys/Species.php?PHPSESSID=2r983p6i4fov1oqv9a3b3qcn92&Species=Chloris%20chloris&Page=1,"Chloris chloris
(European Greenfinch)",Passeriformes,Fringillidae,34,10,24,-,-,-,04.03.2015,https://www.tierstimmenarchiv.de/RefSys/downloadSpecies.php?&Species=Chloris%20chloris
https://www.tierstimmenarchiv.de/RefSys/Species.php?PHPSESSID=2r983p6i4fov1oqv9a3b3qcn92&Species=Chlidonias%20hybrida&Page=1,"Chlidonias hybrida
(Whiskered Tern)",Charadriiformes,Laridae,19,-,19,-,-,-,04.03.2015,https://www.tierstimmenarchiv.de/RefSys/downloadSpecies.php?&Species=Chlidonias%20hybrida
https://www.tierstimmenarchiv.de/RefSys/Species.php?PHPSESSID=2r983p6i4fov1oqv9a3b3qcn92&Species=Bufo%20bufo&Page=1,"Bufo bufo
(Common Toad)",Anura,Bufonidae,4,-,4,-,-,-,04.03.2015,https://www.tierstimmenarchiv.de/RefSys/downloadSpecies.php?&Species=Bufo%20bufo
https://www.tierstimmenarchiv.de/RefSys/Species.php?PHPSESSID=2r983p6i4fov1oqv9a3b3qcn92&Species=Aythya%20fuligula&Page=1,"Aythya fuligula
(Tufted Duck)",Anseriformes,Anatidae,8,-,8,-,-,-,04.03.2015,https://www.tierstimmenarchiv.de/RefSys/downloadSpecies.php?&Species=Aythya%20fuligula
https://www.tierstimmenarchiv.de/RefSys/Species.php?PHPSESSID=2r983p6i4fov1oqv9a3b3qcn92&Species=Anthus%20trivialis&Page=1,"Anthus trivialis
(Tree Pipit)",Passeriformes,Motacillidae,44,38,6,-,-,-,04.03.2015,https://www.tierstimmenarchiv.de/RefSys/downloadSpecies.php?&Species=Anthus%20trivialis
https://www.tierstimmenarchiv.de/RefSys/Species.php?PHPSESSID=2r983p6i4fov1oqv9a3b3qcn92&Species=Anthus%20pratensis&Page=1,"Anthus pratensis
(Meadow Pipit)",Passeriformes,Motacillidae,38,20,18,-,-,-,04.03.2015,https://www.tierstimmenarchiv.de/RefSys/downloadSpecies.php?&Species=Anthus%20pratensis
https://www.tierstimmenarchiv.de/RefSys/Species.php?PHPSESSID=2r983p6i4fov1oqv9a3b3qcn92&Species=Alauda%20arvensis&Page=1,"Alauda arvensis
(Eurasian Skylark)",Passeriformes,Alaudidae,24,18,6,-,-,-,04.03.2015,https://www.tierstimmenarchiv.de/RefSys/downloadSpecies.php?&Species=Alauda%20arvensis
https://www.tierstimmenarchiv.de/RefSys/Species.php?PHPSESSID=2r983p6i4fov1oqv9a3b3qcn92&Species=Aegithalos%20caudatus&Page=1,"Aegithalos caudatus
(Long-tailed Tit)",Passeriformes,Aegithalidae,19,2,17,-,-,-,04.03.2015,https://www.tierstimmenarchiv.de/RefSys/downloadSpecies.php?&Species=Aegithalos%20caudatus
https://www.tierstimmenarchiv.de/RefSys/Species.php?PHPSESSID=2r983p6i4fov1oqv9a3b3qcn92&Species=Loxia%20curvirostra&Page=1,"Loxia curvirostra
(Red Crossbill)",Passeriformes,Fringillidae,8,3,5,-,-,-,16.01.2015,https://www.tierstimmenarchiv.de/RefSys/downloadSpecies.php?&Species=Loxia%20curvirostra
https://www.tierstimmenarchiv.de/RefSys/Species.php?PHPSESSID=2r983p6i4fov1oqv9a3b3qcn92&Species=Upupa%20epops&Page=1,"Upupa epops
(Eurasian Hoopoe)",Bucerotiformes,Upupidae,16,16,-,-,-,-,15.01.2015,https://www.tierstimmenarchiv.de/RefSys/downloadSpecies.php?&Species=Upupa%20epops
https://www.tierstimmenarchiv.de/RefSys/Species.php?PHPSESSID=2r983p6i4fov1oqv9a3b3qcn92&Species=Turdus%20viscivorus&Page=1,"Turdus viscivorus
(Mistle Thrush)",Passeriformes,Turdidae,61,55,6,-,-,-,15.01.2015,https://www.tierstimmenarchiv.de/RefSys/downloadSpecies.php?&Species=Turdus%20viscivorus
https://www.tierstimmenarchiv.de/RefSys/Species.php?PHPSESSID=2r983p6i4fov1oqv9a3b3qcn92&Species=Turdus%20philomelos&Page=1,"Turdus philomelos
(Song Thrush)",Passeriformes,Turdidae,124,111,13,-,-,-,15.01.2015,https://www.tierstimmenarchiv.de/RefSys/downloadSpecies.php?&Species=Turdus%20philomelos
https://www.tierstimmenarchiv.de/RefSys/Species.php?PHPSESSID=2r983p6i4fov1oqv9a3b3qcn92&Species=Tringa%20nebularia&Page=1,"Tringa nebularia
(Common Greenshank)",Charadriiformes,Scolopacidae,11,-,11,-,-,-,15.01.2015,https://www.tierstimmenarchiv.de/RefSys/downloadSpecies.php?&Species=Tringa%20nebularia
https://www.tierstimmenarchiv.de/RefSys/Species.php?PHPSESSID=2r983p6i4fov1oqv9a3b3qcn92&Species=Tringa%20glareola&Page=1,"Tringa glareola
(Wood Sandpiper)",Charadriiformes,Scolopacidae,6,-,6,-,-,-,15.01.2015,https://www.tierstimmenarchiv.de/RefSys/downloadSpecies.php?&Species=Tringa%20glareola
https://www.tierstimmenarchiv.de/RefSys/Species.php?PHPSESSID=2r983p6i4fov1oqv9a3b3qcn92&Species=Sylvia%20nisoria&Page=1,"Sylvia nisoria
(Barred Warbler)",Passeriformes,Sylviidae,39,38,1,-,-,-,15.01.2015,https://www.tierstimmenarchiv.de/RefSys/downloadSpecies.php?&Species=Sylvia%20nisoria
https://www.tierstimmenarchiv.de/RefSys/Species.php?PHPSESSID=2r983p6i4fov1oqv9a3b3qcn92&Species=Sylvia%20curruca&Page=1,"Sylvia curruca
(Lesser Whitethroat)",Passeriformes,Sylviidae,43,37,6,-,-,-,15.01.2015,https://www.tierstimmenarchiv.de/RefSys/downloadSpecies.php?&Species=Sylvia%20curruca
https://www.tierstimmenarchiv.de/RefSys/Species.php?PHPSESSID=2r983p6i4fov1oqv9a3b3qcn92&Species=Saxicola%20rubetra&Page=1,"Saxicola rubetra
(Whinchat)",Passeriformes,Muscicapidae,79,47,32,-,-,-,15.01.2015,https://www.tierstimmenarchiv.de/RefSys/downloadSpecies.php?&Species=Saxicola%20rubetra
https://www.tierstimmenarchiv.de/RefSys/Species.php?PHPSESSID=2r983p6i4fov1oqv9a3b3qcn92&Species=Regulus%20ignicapilla&Page=1,"Regulus ignicapilla
(Common Firecrest)",Passeriformes,Regulidae,20,16,4,-,-,-,15.01.2015,https://www.tierstimmenarchiv.de/RefSys/downloadSpecies.php?&Species=Regulus%20ignicapilla
https://www.tierstimmenarchiv.de/RefSys/Species.php?PHPSESSID=2r983p6i4fov1oqv9a3b3qcn92&Species=Porzana%20parva&Page=1,"Porzana parva
(Little Crake)",Gruiformes,Rallidae,23,14,9,-,-,-,15.01.2015,https://www.tierstimmenarchiv.de/RefSys/downloadSpecies.php?&Species=Porzana%20parva
https://www.tierstimmenarchiv.de/RefSys/Species.php?PHPSESSID=2r983p6i4fov1oqv9a3b3qcn92&Species=Podiceps%20cristatus&Page=1,"Podiceps cristatus
(Great Crested Grebe)",Podicipediformes,Podicipedidae,27,-,18,-,9,-,15.01.2015,https://www.tierstimmenarchiv.de/RefSys/downloadSpecies.php?&Species=Podiceps%20cristatus
https://www.tierstimmenarchiv.de/RefSys/Species.php?PHPSESSID=2r983p6i4fov1oqv9a3b3qcn92&Species=Picus%20canus&Page=1,"Picus canus
(Grey-headed Woodpecker)",Piciformes,Picidae,54,27,7,13,7,-,15.01.2015,https://www.tierstimmenarchiv.de/RefSys/downloadSpecies.php?&Species=Picus%20canus
https://www.tierstimmenarchiv.de/RefSys/Species.php?PHPSESSID=2r983p6i4fov1oqv9a3b3qcn92&Species=Phylloscopus%20bonelli&Page=1,"Phylloscopus bonelli
(Western Bonelli's Warbler)",Passeriformes,Phylloscopidae,64,54,10,-,-,-,15.01.2015,https://www.tierstimmenarchiv.de/RefSys/downloadSpecies.php?&Species=Phylloscopus%20bonelli
https://www.tierstimmenarchiv.de/RefSys/Species.php?PHPSESSID=2r983p6i4fov1oqv9a3b3qcn92&Species=Oriolus%20oriolus&Page=1,"Oriolus oriolus
(Eurasian Golden Oriole)",Passeriformes,Oriolidae,23,10,12,-,-,1,15.01.2015,https://www.tierstimmenarchiv.de/RefSys/downloadSpecies.php?&Species=Oriolus%20oriolus
https://www.tierstimmenarchiv.de/RefSys/Species.php?PHPSESSID=2r983p6i4fov1oqv9a3b3qcn92&Species=Locustella%20naevia&Page=1,"Locustella naevia
(Common Grasshopper Warbler)",Passeriformes,Locustellidae,23,23,-,-,-,-,15.01.2015,https://www.tierstimmenarchiv.de/RefSys/downloadSpecies.php?&Species=Locustella%20naevia
https://www.tierstimmenarchiv.de/RefSys/Species.php?PHPSESSID=2r983p6i4fov1oqv9a3b3qcn92&Species=Locustella%20luscinioides&Page=1,"Locustella luscinioides
(Savi's Warbler)",Passeriformes,Locustellidae,12,11,1,-,-,-,15.01.2015,https://www.tierstimmenarchiv.de/RefSys/downloadSpecies.php?&Species=Locustella%20luscinioides
https://www.tierstimmenarchiv.de/RefSys/Species.php?PHPSESSID=2r983p6i4fov1oqv9a3b3qcn92&Species=Lanius%20collurio&Page=1,"Lanius collurio
(Red-backed Shrike)",Passeriformes,Laniidae,16,2,14,-,-,-,15.01.2015,https://www.tierstimmenarchiv.de/RefSys/downloadSpecies.php?&Species=Lanius%20collurio
https://www.tierstimmenarchiv.de/RefSys/Species.php?PHPSESSID=2r983p6i4fov1oqv9a3b3qcn92&Species=Gallinago%20gallinago&Page=1,"Gallinago gallinago
(Common Snipe)",Charadriiformes,Scolopacidae,14,9,5,-,-,-,15.01.2015,https://www.tierstimmenarchiv.de/RefSys/downloadSpecies.php?&Species=Gallinago%20gallinago
https://www.tierstimmenarchiv.de/RefSys/Species.php?PHPSESSID=2r983p6i4fov1oqv9a3b3qcn92&Species=Fulica%20atra&Page=1,"Fulica atra
(Eurasian Coot)",Gruiformes,Rallidae,59,-,43,1,15,-,15.01.2015,https://www.tierstimmenarchiv.de/RefSys/downloadSpecies.php?&Species=Fulica%20atra
https://www.tierstimmenarchiv.de/RefSys/Species.php?PHPSESSID=2r983p6i4fov1oqv9a3b3qcn92&Species=Ficedula%20hypoleuca&Page=1,"Ficedula hypoleuca
(European Pied Flycatcher)",Passeriformes,Muscicapidae,44,38,6,-,-,-,15.01.2015,https://www.tierstimmenarchiv.de/RefSys/downloadSpecies.php?&Species=Ficedula%20hypoleuca
https://www.tierstimmenarchiv.de/RefSys/Species.php?PHPSESSID=2r983p6i4fov1oqv9a3b3qcn92&Species=Emberiza%20calandra&Page=1,"Emberiza calandra
(Corn Bunting)",Passeriformes,Emberizidae,68,63,5,-,-,-,15.01.2015,https://www.tierstimmenarchiv.de/RefSys/downloadSpecies.php?&Species=Emberiza%20calandra
https://www.tierstimmenarchiv.de/RefSys/Species.php?PHPSESSID=2r983p6i4fov1oqv9a3b3qcn92&Species=Dendrocopos%20minor&Page=1,"Dendrocopos minor
(Lesser Spotted Woodpecker)",Piciformes,Picidae,28,4,1,23,-,-,15.01.2015,https://www.tierstimmenarchiv.de/RefSys/downloadSpecies.php?&Species=Dendrocopos%20minor
https://www.tierstimmenarchiv.de/RefSys/Species.php?PHPSESSID=2r983p6i4fov1oqv9a3b3qcn92&Species=Coccothraustes%20coccothraustes&Page=1,"Coccothraustes coccothraustes
(Hawfinch)",Passeriformes,Fringillidae,19,3,16,-,-,-,15.01.2015,https://www.tierstimmenarchiv.de/RefSys/downloadSpecies.php?&Species=Coccothraustes%20coccothraustes
https://www.tierstimmenarchiv.de/RefSys/Species.php?PHPSESSID=2r983p6i4fov1oqv9a3b3qcn92&Species=Certhia%20familiaris&Page=1,"Certhia familiaris
(Eurasian Treecreeper)",Passeriformes,Certhiidae,22,15,5,-,2,-,15.01.2015,https://www.tierstimmenarchiv.de/RefSys/downloadSpecies.php?&Species=Certhia%20familiaris
https://www.tierstimmenarchiv.de/RefSys/Species.php?PHPSESSID=2r983p6i4fov1oqv9a3b3qcn92&Species=Asio%20otus&Page=1,"Asio otus
(Long-eared Owl)",Strigiformes,Strigidae,70,18,7,-,45,-,15.01.2015,https://www.tierstimmenarchiv.de/RefSys/downloadSpecies.php?&Species=Asio%20otus
https://www.tierstimmenarchiv.de/RefSys/Species.php?PHPSESSID=2r983p6i4fov1oqv9a3b3qcn92&Species=Anas%20querquedula&Page=1,"Anas querquedula
(Garganey)",Anseriformes,Anatidae,7,-,7,-,-,-,15.01.2015,https://www.tierstimmenarchiv.de/RefSys/downloadSpecies.php?&Species=Anas%20querquedula
https://www.tierstimmenarchiv.de/RefSys/Species.php?PHPSESSID=2r983p6i4fov1oqv9a3b3qcn92&Species=Anas%20penelope&Page=1,"Anas penelope
(Eurasian Wigeon)",Anseriformes,Anatidae,12,-,12,-,-,-,15.01.2015,https://www.tierstimmenarchiv.de/RefSys/downloadSpecies.php?&Species=Anas%20penelope
https://www.tierstimmenarchiv.de/RefSys/Species.php?PHPSESSID=2r983p6i4fov1oqv9a3b3qcn92&Species=Actitis%20hypoleucos&Page=1,"Actitis hypoleucos
(Common Sandpiper)",Charadriiformes,Scolopacidae,7,1,3,-,3,-,15.01.2015,https://www.tierstimmenarchiv.de/RefSys/downloadSpecies.php?&Species=Actitis%20hypoleucos
https://www.tierstimmenarchiv.de/RefSys/Species.php?PHPSESSID=2r983p6i4fov1oqv9a3b3qcn92&Species=Acrocephalus%20schoenobaenus&Page=1,"Acrocephalus schoenobaenus
(Sedge Warbler)",Passeriformes,Acrocephalidae,19,19,-,-,-,-,15.01.2015,https://www.tierstimmenarchiv.de/RefSys/downloadSpecies.php?&Species=Acrocephalus%20schoenobaenus
https://www.tierstimmenarchiv.de/RefSys/Species.php?PHPSESSID=2r983p6i4fov1oqv9a3b3qcn92&Species=Acrocephalus%20arundinaceus&Page=1,"Acrocephalus arundinaceus
(Great Reed Warbler)",Passeriformes,Acrocephalidae,59,53,6,-,-,-,15.01.2015,https://www.tierstimmenarchiv.de/RefSys/downloadSpecies.php?&Species=Acrocephalus%20arundinaceus
https://www.tierstimmenarchiv.de/RefSys/Species.php?PHPSESSID=2r983p6i4fov1oqv9a3b3qcn92&Species=Accipiter%20gentilis&Page=1,"Accipiter gentilis
(Northern Goshawk)",Accipitriformes,Accipitridae,5,-,4,-,1,-,15.01.2015,https://www.tierstimmenarchiv.de/RefSys/downloadSpecies.php?&Species=Accipiter%20gentilis
https://www.tierstimmenarchiv.de/RefSys/Species.php?PHPSESSID=2r983p6i4fov1oqv9a3b3qcn92&Species=Gryllus%20campestris&Page=1,"Gryllus campestris
(Field cricket)",Orthoptera,Gryllidae,1,-,1,-,-,-,15.01.2015,https://www.tierstimmenarchiv.de/RefSys/downloadSpecies.php?&Species=Gryllus%20campestris
https://www.tierstimmenarchiv.de/RefSys/Species.php?PHPSESSID=2r983p6i4fov1oqv9a3b3qcn92&Species=Gryllotalpa%20gryllotalpa&Page=1,"Gryllotalpa gryllotalpa
(European mole cricket )",Orthoptera,Gryllotalpidae,2,-,2,-,-,-,15.01.2015,https://www.tierstimmenarchiv.de/RefSys/downloadSpecies.php?&Species=Gryllotalpa%20gryllotalpa
https://www.tierstimmenarchiv.de/RefSys/Species.php?PHPSESSID=2r983p6i4fov1oqv9a3b3qcn92&Species=Bufo%20calamita&Page=1,"Bufo calamita
(Natterjack Toad)",Anura,Bufonidae,3,-,3,-,-,-,15.01.2015,https://www.tierstimmenarchiv.de/RefSys/downloadSpecies.php?&Species=Bufo%20calamita
https://www.tierstimmenarchiv.de/RefSys/Species.php?PHPSESSID=2r983p6i4fov1oqv9a3b3qcn92&Species=Bombina%20bombina&Page=1,"Bombina bombina
(European Fire-bellied Toad)",Anura,Discoglossidae,1,-,1,-,-,-,15.01.2015,https://www.tierstimmenarchiv.de/RefSys/downloadSpecies.php?&Species=Bombina%20bombina
https://www.tierstimmenarchiv.de/RefSys/Species.php?PHPSESSID=2r983p6i4fov1oqv9a3b3qcn92&Species=Alytes%20obstetricans&Page=1,"Alytes obstetricans
(Common midwife toad)",Anura,Discoglossidae,1,-,1,-,-,-,15.01.2015,https://www.tierstimmenarchiv.de/RefSys/downloadSpecies.php?&Species=Alytes%20obstetricans
https://www.tierstimmenarchiv.de/RefSys/Species.php?PHPSESSID=2r983p6i4fov1oqv9a3b3qcn92&Species=Luscinia%20svecica&Page=1,"Luscinia svecica
(Bluethroat)",Passeriformes,Muscicapidae,7,7,-,-,-,-,15.01.2015,https://www.tierstimmenarchiv.de/RefSys/downloadSpecies.php?&Species=Luscinia%20svecica
https://www.tierstimmenarchiv.de/RefSys/Species.php?PHPSESSID=2r983p6i4fov1oqv9a3b3qcn92&Species=Lanius%20minor&Page=1,"Lanius minor
(Lesser Grey Shrike)",Passeriformes,Laniidae,1,-,1,-,-,-,15.01.2015,https://www.tierstimmenarchiv.de/RefSys/downloadSpecies.php?&Species=Lanius%20minor
https://www.tierstimmenarchiv.de/RefSys/Species.php?PHPSESSID=2r983p6i4fov1oqv9a3b3qcn92&Species=Lanius%20excubitor&Page=1,"Lanius excubitor
(Great Grey Shrike)",Passeriformes,Laniidae,2,2,-,-,-,-,15.01.2015,https://www.tierstimmenarchiv.de/RefSys/downloadSpecies.php?&Species=Lanius%20excubitor
https://www.tierstimmenarchiv.de/RefSys/Species.php?PHPSESSID=2r983p6i4fov1oqv9a3b3qcn92&Species=Calidris%20alpina&Page=1,"Calidris alpina
(Dunlin)",Charadriiformes,Scolopacidae,1,-,1,-,-,-,15.01.2015,https://www.tierstimmenarchiv.de/RefSys/downloadSpecies.php?&Species=Calidris%20alpina
https://www.tierstimmenarchiv.de/RefSys/Species.php?PHPSESSID=2r983p6i4fov1oqv9a3b3qcn92&Species=Aquila%20chrysaetos&Page=1,"Aquila chrysaetos
(Golden Eagle)",Accipitriformes,Accipitridae,1,-,-,-,1,-,15.01.2015,https://www.tierstimmenarchiv.de/RefSys/downloadSpecies.php?&Species=Aquila%20chrysaetos
https://www.tierstimmenarchiv.de/RefSys/Species.php?PHPSESSID=2r983p6i4fov1oqv9a3b3qcn92&Species=Anthus%20spinoletta&Page=1,"Anthus spinoletta
(Water Pipit)",Passeriformes,Motacillidae,1,-,1,-,-,-,15.01.2015,https://www.tierstimmenarchiv.de/RefSys/downloadSpecies.php?&Species=Anthus%20spinoletta
https://www.tierstimmenarchiv.de/RefSys/Species.php?PHPSESSID=2r983p6i4fov1oqv9a3b3qcn92&Species=Anthus%20campestris&Page=1,"Anthus campestris
(Tawny Pipit)",Passeriformes,Motacillidae,1,-,1,-,-,-,15.01.2015,https://www.tierstimmenarchiv.de/RefSys/downloadSpecies.php?&Species=Anthus%20campestris
https://www.tierstimmenarchiv.de/RefSys/Species.php?PHPSESSID=2r983p6i4fov1oqv9a3b3qcn92&Species=Anas%20acuta&Page=1,"Anas acuta
(Northern Pintail)",Anseriformes,Anatidae,1,-,1,-,-,-,15.01.2015,https://www.tierstimmenarchiv.de/RefSys/downloadSpecies.php?&Species=Anas%20acuta
https://www.tierstimmenarchiv.de/RefSys/Species.php?PHPSESSID=2r983p6i4fov1oqv9a3b3qcn92&Species=Acrocephalus%20melanopogon&Page=1,"Acrocephalus melanopogon
(Moustached Warbler)",Passeriformes,Acrocephalidae,2,-,2,-,-,-,15.01.2015,https://www.tierstimmenarchiv.de/RefSys/downloadSpecies.php?&Species=Acrocephalus%20melanopogon
https://www.tierstimmenarchiv.de/RefSys/Species.php?PHPSESSID=2r983p6i4fov1oqv9a3b3qcn92&Species=Capreolus%20capreolus&Page=1,"Capreolus capreolus
(European Roe)",Artiodactyla,Cervidae,17,-,17,-,-,-,15.01.2015,https://www.tierstimmenarchiv.de/RefSys/downloadSpecies.php?&Species=Capreolus%20capreolus
https://www.tierstimmenarchiv.de/RefSys/Species.php?PHPSESSID=2r983p6i4fov1oqv9a3b3qcn92&Species=Vulpes%20vulpes&Page=1,"Vulpes vulpes
(Red Fox)",Carnivora,Canidae,14,-,14,-,-,-,15.01.2015,https://www.tierstimmenarchiv.de/RefSys/downloadSpecies.php?&Species=Vulpes%20vulpes
https://www.tierstimmenarchiv.de/RefSys/Species.php?PHPSESSID=2r983p6i4fov1oqv9a3b3qcn92&Species=Tadorna%20tadorna&Page=1,"Tadorna tadorna
(Common Shelduck)",Anseriformes,Anatidae,8,-,8,-,-,-,15.01.2015,https://www.tierstimmenarchiv.de/RefSys/downloadSpecies.php?&Species=Tadorna%20tadorna
https://www.tierstimmenarchiv.de/RefSys/Species.php?PHPSESSID=2r983p6i4fov1oqv9a3b3qcn92&Species=Podiceps%20nigricollis&Page=1,"Podiceps nigricollis
(Black-necked Grebe)",Podicipediformes,Podicipedidae,6,-,6,-,-,-,15.01.2015,https://www.tierstimmenarchiv.de/RefSys/downloadSpecies.php?&Species=Podiceps%20nigricollis
https://www.tierstimmenarchiv.de/RefSys/Species.php?PHPSESSID=2r983p6i4fov1oqv9a3b3qcn92&Species=Martes%20foina&Page=1,"Martes foina
(Beech Marten)",Carnivora,Mustelidae,12,-,12,-,-,-,15.01.2015,https://www.tierstimmenarchiv.de/RefSys/downloadSpecies.php?&Species=Martes%20foina
https://www.tierstimmenarchiv.de/RefSys/Species.php?PHPSESSID=2r983p6i4fov1oqv9a3b3qcn92&Species=Cygnus%20cygnus&Page=1,"Cygnus cygnus
(Whooper Swan)",Anseriformes,Anatidae,5,-,5,-,-,-,15.01.2015,https://www.tierstimmenarchiv.de/RefSys/downloadSpecies.php?&Species=Cygnus%20cygnus
https://www.tierstimmenarchiv.de/RefSys/Species.php?PHPSESSID=2r983p6i4fov1oqv9a3b3qcn92&Species=Cygnus%20columbianus&Page=1,"Cygnus columbianus
(Tundra Swan)",Anseriformes,Anatidae,3,-,3,-,-,-,15.01.2015,https://www.tierstimmenarchiv.de/RefSys/downloadSpecies.php?&Species=Cygnus%20columbianus
https://www.tierstimmenarchiv.de/RefSys/Species.php?PHPSESSID=2r983p6i4fov1oqv9a3b3qcn92&Species=Tetrastes%20bonasia&Page=1,"Tetrastes bonasia
(Hazel Grouse)",Galliformes,Phasianidae,4,-,2,-,2,-,22.09.2014,https://www.tierstimmenarchiv.de/RefSys/downloadSpecies.php?&Species=Tetrastes%20bonasia
https://www.tierstimmenarchiv.de/RefSys/Species.php?PHPSESSID=2r983p6i4fov1oqv9a3b3qcn92&Species=Somateria%20mollissima&Page=1,"Somateria mollissima
(Common Eider)",Anseriformes,Anatidae,6,-,6,-,-,-,22.09.2014,https://www.tierstimmenarchiv.de/RefSys/downloadSpecies.php?&Species=Somateria%20mollissima
https://www.tierstimmenarchiv.de/RefSys/Species.php?PHPSESSID=2r983p6i4fov1oqv9a3b3qcn92&Species=Porzana%20pusilla&Page=1,"Porzana pusilla
(Baillon's Crake)",Gruiformes,Rallidae,1,1,-,-,-,-,22.09.2014,https://www.tierstimmenarchiv.de/RefSys/downloadSpecies.php?&Species=Porzana%20pusilla
https://www.tierstimmenarchiv.de/RefSys/Species.php?PHPSESSID=2r983p6i4fov1oqv9a3b3qcn92&Species=Phasianus%20colchicus&Page=1,"Phasianus colchicus
(Common Pheasant)",Galliformes,Phasianidae,8,-,8,-,-,-,22.09.2014,https://www.tierstimmenarchiv.de/RefSys/downloadSpecies.php?&Species=Phasianus%20colchicus
https://www.tierstimmenarchiv.de/RefSys/Species.php?PHPSESSID=2r983p6i4fov1oqv9a3b3qcn92&Species=Perdix%20perdix&Page=1,"Perdix perdix
(Grey Partridge)",Galliformes,Phasianidae,2,-,2,-,-,-,22.09.2014,https://www.tierstimmenarchiv.de/RefSys/downloadSpecies.php?&Species=Perdix%20perdix
https://www.tierstimmenarchiv.de/RefSys/Species.php?PHPSESSID=2r983p6i4fov1oqv9a3b3qcn92&Species=Pandion%20haliaetus&Page=1,"Pandion haliaetus
(Western Osprey)",Accipitriformes,Pandionidae,4,-,4,-,-,-,22.09.2014,https://www.tierstimmenarchiv.de/RefSys/downloadSpecies.php?&Species=Pandion%20haliaetus
https://www.tierstimmenarchiv.de/RefSys/Species.php?PHPSESSID=2r983p6i4fov1oqv9a3b3qcn92&Species=Milvus%20milvus&Page=1,"Milvus milvus
(Red Kite)",Accipitriformes,Accipitridae,2,-,1,-,-,1,22.09.2014,https://www.tierstimmenarchiv.de/RefSys/downloadSpecies.php?&Species=Milvus%20milvus
https://www.tierstimmenarchiv.de/RefSys/Species.php?PHPSESSID=2r983p6i4fov1oqv9a3b3qcn92&Species=Milvus%20migrans&Page=1,"Milvus migrans
(Black Kite)",Accipitriformes,Accipitridae,3,-,3,-,-,-,22.09.2014,https://www.tierstimmenarchiv.de/RefSys/downloadSpecies.php?&Species=Milvus%20migrans
https://www.tierstimmenarchiv.de/RefSys/Species.php?PHPSESSID=2r983p6i4fov1oqv9a3b3qcn92&Species=Mergus%20serrator&Page=1,"Mergus serrator
(Red-breasted Merganser)",Anseriformes,Anatidae,4,-,4,-,-,-,22.09.2014,https://www.tierstimmenarchiv.de/RefSys/downloadSpecies.php?&Species=Mergus%20serrator
https://www.tierstimmenarchiv.de/RefSys/Species.php?PHPSESSID=2r983p6i4fov1oqv9a3b3qcn92&Species=Lyrurus%20tetrix&Page=1,"Lyrurus tetrix
(Black Grouse)",Galliformes,Phasianidae,3,3,-,-,-,-,22.09.2014,https://www.tierstimmenarchiv.de/RefSys/downloadSpecies.php?&Species=Lyrurus%20tetrix
https://www.tierstimmenarchiv.de/RefSys/Species.php?PHPSESSID=2r983p6i4fov1oqv9a3b3qcn92&Species=Falco%20tinnunculus&Page=1,"Falco tinnunculus
(Common Kestrel)",Falconiformes,Falconidae,2,-,2,-,-,-,22.09.2014,https://www.tierstimmenarchiv.de/RefSys/downloadSpecies.php?&Species=Falco%20tinnunculus
https://www.tierstimmenarchiv.de/RefSys/Species.php?PHPSESSID=2r983p6i4fov1oqv9a3b3qcn92&Species=Falco%20subbuteo&Page=1,"Falco subbuteo
(Eurasian Hobby)",Falconiformes,Falconidae,9,-,7,-,2,-,22.09.2014,https://www.tierstimmenarchiv.de/RefSys/downloadSpecies.php?&Species=Falco%20subbuteo
https://www.tierstimmenarchiv.de/RefSys/Species.php?PHPSESSID=2r983p6i4fov1oqv9a3b3qcn92&Species=Falco%20peregrinus&Page=1,"Falco peregrinus
(Peregrine Falcon)",Falconiformes,Falconidae,1,-,1,-,-,-,22.09.2014,https://www.tierstimmenarchiv.de/RefSys/downloadSpecies.php?&Species=Falco%20peregrinus
https://www.tierstimmenarchiv.de/RefSys/Species.php?PHPSESSID=2r983p6i4fov1oqv9a3b3qcn92&Species=Falco%20biarmicus&Page=1,"Falco biarmicus
(Lanner Falcon)",Falconiformes,Falconidae,2,-,-,-,2,-,22.09.2014,https://www.tierstimmenarchiv.de/RefSys/downloadSpecies.php?&Species=Falco%20biarmicus
https://www.tierstimmenarchiv.de/RefSys/Species.php?PHPSESSID=2r983p6i4fov1oqv9a3b3qcn92&Species=Coturnix%20coturnix&Page=1,"Coturnix coturnix
(Common Quail)",Galliformes,Phasianidae,14,13,1,-,-,-,22.09.2014,https://www.tierstimmenarchiv.de/RefSys/downloadSpecies.php?&Species=Coturnix%20coturnix
https://www.tierstimmenarchiv.de/RefSys/Species.php?PHPSESSID=2r983p6i4fov1oqv9a3b3qcn92&Species=Clangula%20hyemalis&Page=1,"Clangula hyemalis
(Long-tailed Duck)",Anseriformes,Anatidae,4,-,4,-,-,-,22.09.2014,https://www.tierstimmenarchiv.de/RefSys/downloadSpecies.php?&Species=Clangula%20hyemalis
https://www.tierstimmenarchiv.de/RefSys/Species.php?PHPSESSID=2r983p6i4fov1oqv9a3b3qcn92&Species=Charadrius%20dubius&Page=1,"Charadrius dubius
(Little Ringed Plover)",Charadriiformes,Charadriidae,6,1,5,-,-,-,22.09.2014,https://www.tierstimmenarchiv.de/RefSys/downloadSpecies.php?&Species=Charadrius%20dubius
https://www.tierstimmenarchiv.de/RefSys/Species.php?PHPSESSID=2r983p6i4fov1oqv9a3b3qcn92&Species=Buteo%20buteo&Page=1,"Buteo buteo
(Common Buzzard)",Accipitriformes,Accipitridae,18,-,17,-,1,-,22.09.2014,https://www.tierstimmenarchiv.de/RefSys/downloadSpecies.php?&Species=Buteo%20buteo
https://www.tierstimmenarchiv.de/RefSys/Species.php?PHPSESSID=2r983p6i4fov1oqv9a3b3qcn92&Species=Bucephala%20clangula&Page=1,"Bucephala clangula
(Common Goldeneye)",Anseriformes,Anatidae,5,-,5,-,-,-,22.09.2014,https://www.tierstimmenarchiv.de/RefSys/downloadSpecies.php?&Species=Bucephala%20clangula
https://www.tierstimmenarchiv.de/RefSys/Species.php?PHPSESSID=2r983p6i4fov1oqv9a3b3qcn92&Species=Branta%20leucopsis&Page=1,"Branta leucopsis
(Barnacle Goose)",Anseriformes,Anatidae,7,-,7,-,-,-,22.09.2014,https://www.tierstimmenarchiv.de/RefSys/downloadSpecies.php?&Species=Branta%20leucopsis
https://www.tierstimmenarchiv.de/RefSys/Species.php?PHPSESSID=2r983p6i4fov1oqv9a3b3qcn92&Species=Branta%20canadensis&Page=1,"Branta canadensis
(Canada Goose)",Anseriformes,Anatidae,12,-,12,-,-,-,22.09.2014,https://www.tierstimmenarchiv.de/RefSys/downloadSpecies.php?&Species=Branta%20canadensis
https://www.tierstimmenarchiv.de/RefSys/Species.php?PHPSESSID=2r983p6i4fov1oqv9a3b3qcn92&Species=Aquila%20pomarina&Page=1,"Aquila pomarina
(Lesser Spotted Eagle)",Accipitriformes,Accipitridae,3,-,3,-,-,-,22.09.2014,https://www.tierstimmenarchiv.de/RefSys/downloadSpecies.php?&Species=Aquila%20pomarina
https://www.tierstimmenarchiv.de/RefSys/Species.php?PHPSESSID=2r983p6i4fov1oqv9a3b3qcn92&Species=Anser%20serrirostris&Page=1,"Anser serrirostris
(Tundra Bean Goose)",Anseriformes,Anatidae,9,-,9,-,-,-,22.09.2014,https://www.tierstimmenarchiv.de/RefSys/downloadSpecies.php?&Species=Anser%20serrirostris
https://www.tierstimmenarchiv.de/RefSys/Species.php?PHPSESSID=2r983p6i4fov1oqv9a3b3qcn92&Species=Anser%20fabalis&Page=1,"Anser fabalis
(Taiga Bean Goose)",Anseriformes,Anatidae,2,-,2,-,-,-,22.09.2014,https://www.tierstimmenarchiv.de/RefSys/downloadSpecies.php?&Species=Anser%20fabalis
https://www.tierstimmenarchiv.de/RefSys/Species.php?PHPSESSID=2r983p6i4fov1oqv9a3b3qcn92&Species=Anser%20albifrons&Page=1,"Anser albifrons
(Greater White-fronted Goose)",Anseriformes,Anatidae,10,-,10,-,-,-,22.09.2014,https://www.tierstimmenarchiv.de/RefSys/downloadSpecies.php?&Species=Anser%20albifrons
https://www.tierstimmenarchiv.de/RefSys/Species.php?PHPSESSID=2r983p6i4fov1oqv9a3b3qcn92&Species=Alopochen%20aegyptiaca&Page=1,"Alopochen aegyptiaca
(Egyptian Goose)",Anseriformes,Anatidae,4,-,4,-,-,-,22.09.2014,https://www.tierstimmenarchiv.de/RefSys/downloadSpecies.php?&Species=Alopochen%20aegyptiaca
https://www.tierstimmenarchiv.de/RefSys/Species.php?PHPSESSID=2r983p6i4fov1oqv9a3b3qcn92&Species=Accipiter%20nisus&Page=1,"Accipiter nisus
(Eurasian Sparrowhawk)",Accipitriformes,Accipitridae,5,-,5,-,-,-,22.09.2014,https://www.tierstimmenarchiv.de/RefSys/downloadSpecies.php?&Species=Accipiter%20nisus
https://www.tierstimmenarchiv.de/RefSys/Species.php?PHPSESSID=2r983p6i4fov1oqv9a3b3qcn92&Species=Picus%20viridis&Page=1,"Picus viridis
(European Green Woodpecker)",Piciformes,Picidae,28,21,4,1,2,-,20.08.2014,https://www.tierstimmenarchiv.de/RefSys/downloadSpecies.php?&Species=Picus%20viridis
https://www.tierstimmenarchiv.de/RefSys/Species.php?PHPSESSID=2r983p6i4fov1oqv9a3b3qcn92&Species=Motacilla%20cinerea&Page=1,"Motacilla cinerea
(Grey Wagtail)",Passeriformes,Motacillidae,10,3,7,-,-,-,20.08.2014,https://www.tierstimmenarchiv.de/RefSys/downloadSpecies.php?&Species=Motacilla%20cinerea
https://www.tierstimmenarchiv.de/RefSys/Species.php?PHPSESSID=2r983p6i4fov1oqv9a3b3qcn92&Species=Loxia%20pytyopsittacus&Page=1,"Loxia pytyopsittacus
(Parrot Crossbill)",Passeriformes,Fringillidae,4,-,4,-,-,-,20.08.2014,https://www.tierstimmenarchiv.de/RefSys/downloadSpecies.php?&Species=Loxia%20pytyopsittacus
https://www.tierstimmenarchiv.de/RefSys/Species.php?PHPSESSID=2r983p6i4fov1oqv9a3b3qcn92&Species=Lophophanes%20cristatus&Page=1,"Lophophanes cristatus
(European Crested Tit)",Passeriformes,Paridae,64,15,49,-,-,-,20.08.2014,https://www.tierstimmenarchiv.de/RefSys/downloadSpecies.php?&Species=Lophophanes%20cristatus
https://www.tierstimmenarchiv.de/RefSys/Species.php?PHPSESSID=2r983p6i4fov1oqv9a3b3qcn92&Species=Erithacus%20rubecula&Page=1,"Erithacus rubecula
(European Robin)",Passeriformes,Muscicapidae,26,22,4,-,-,-,20.08.2014,https://www.tierstimmenarchiv.de/RefSys/downloadSpecies.php?&Species=Erithacus%20rubecula
https://www.tierstimmenarchiv.de/RefSys/Species.php?PHPSESSID=2r983p6i4fov1oqv9a3b3qcn92&Species=Corvus%20corone&Page=1,"Corvus corone
(Carrion Crow)",Passeriformes,Corvidae,18,-,18,-,-,-,20.08.2014,https://www.tierstimmenarchiv.de/RefSys/downloadSpecies.php?&Species=Corvus%20corone
https://www.tierstimmenarchiv.de/RefSys/Species.php?PHPSESSID=2r983p6i4fov1oqv9a3b3qcn92&Species=Corvus%20corax&Page=1,"Corvus corax
(Northern Raven)",Passeriformes,Corvidae,21,-,21,-,-,-,20.08.2014,https://www.tierstimmenarchiv.de/RefSys/downloadSpecies.php?&Species=Corvus%20corax
https://www.tierstimmenarchiv.de/RefSys/Species.php?PHPSESSID=2r983p6i4fov1oqv9a3b3qcn92&Species=Tringa%20ochropus&Page=1,"Tringa ochropus
(Green Sandpiper)",Charadriiformes,Scolopacidae,2,-,2,-,-,-,19.08.2014,https://www.tierstimmenarchiv.de/RefSys/downloadSpecies.php?&Species=Tringa%20ochropus
https://www.tierstimmenarchiv.de/RefSys/Species.php?PHPSESSID=2r983p6i4fov1oqv9a3b3qcn92&Species=Tringa%20erythropus&Page=1,"Tringa erythropus
(Spotted Redshank)",Charadriiformes,Scolopacidae,3,-,3,-,-,-,19.08.2014,https://www.tierstimmenarchiv.de/RefSys/downloadSpecies.php?&Species=Tringa%20erythropus
https://www.tierstimmenarchiv.de/RefSys/Species.php?PHPSESSID=2r983p6i4fov1oqv9a3b3qcn92&Species=Thalasseus%20sandvicensis&Page=1,"Thalasseus sandvicensis
(Sandwich Tern)",Charadriiformes,Laridae,3,-,2,-,1,-,19.08.2014,https://www.tierstimmenarchiv.de/RefSys/downloadSpecies.php?&Species=Thalasseus%20sandvicensis
https://www.tierstimmenarchiv.de/RefSys/Species.php?PHPSESSID=2r983p6i4fov1oqv9a3b3qcn92&Species=Streptopelia%20turtur&Page=1,"Streptopelia turtur
(European Turtle Dove)",Columbiformes,Columbidae,3,3,-,-,-,-,19.08.2014,https://www.tierstimmenarchiv.de/RefSys/downloadSpecies.php?&Species=Streptopelia%20turtur
https://www.tierstimmenarchiv.de/RefSys/Species.php?PHPSESSID=2r983p6i4fov1oqv9a3b3qcn92&Species=Streptopelia%20decaocto&Page=1,"Streptopelia decaocto
(Eurasian Collared Dove)",Columbiformes,Columbidae,5,-,5,-,-,-,19.08.2014,https://www.tierstimmenarchiv.de/RefSys/downloadSpecies.php?&Species=Streptopelia%20decaocto
https://www.tierstimmenarchiv.de/RefSys/Species.php?PHPSESSID=2r983p6i4fov1oqv9a3b3qcn92&Species=Stercorarius%20skua&Page=1,"Stercorarius skua
(Great Skua)",Charadriiformes,Stercorariidae,4,-,3,-,1,-,19.08.2014,https://www.tierstimmenarchiv.de/RefSys/downloadSpecies.php?&Species=Stercorarius%20skua
https://www.tierstimmenarchiv.de/RefSys/Species.php?PHPSESSID=2r983p6i4fov1oqv9a3b3qcn92&Species=Scolopax%20rusticola&Page=1,"Scolopax rusticola
(Eurasian Woodcock)",Charadriiformes,Scolopacidae,4,-,4,-,-,-,19.08.2014,https://www.tierstimmenarchiv.de/RefSys/downloadSpecies.php?&Species=Scolopax%20rusticola
https://www.tierstimmenarchiv.de/RefSys/Species.php?PHPSESSID=2r983p6i4fov1oqv9a3b3qcn92&Species=Rissa%20tridactyla&Page=1,"Rissa tridactyla
(Black-legged Kittiwake)",Charadriiformes,Laridae,8,-,8,-,-,-,19.08.2014,https://www.tierstimmenarchiv.de/RefSys/downloadSpecies.php?&Species=Rissa%20tridactyla
https://www.tierstimmenarchiv.de/RefSys/Species.php?PHPSESSID=2r983p6i4fov1oqv9a3b3qcn92&Species=Numenius%20phaeopus&Page=1,"Numenius phaeopus
(Whimbrel)",Charadriiformes,Scolopacidae,1,-,1,-,-,-,19.08.2014,https://www.tierstimmenarchiv.de/RefSys/downloadSpecies.php?&Species=Numenius%20phaeopus
https://www.tierstimmenarchiv.de/RefSys/Species.php?PHPSESSID=2r983p6i4fov1oqv9a3b3qcn92&Species=Limosa%20limosa&Page=1,"Limosa limosa
(Black-tailed Godwit)",Charadriiformes,Scolopacidae,4,1,3,-,-,-,19.08.2014,https://www.tierstimmenarchiv.de/RefSys/downloadSpecies.php?&Species=Limosa%20limosa
https://www.tierstimmenarchiv.de/RefSys/Species.php?PHPSESSID=2r983p6i4fov1oqv9a3b3qcn92&Species=Larus%20michahellis&Page=1,"Larus michahellis
(Yellow-legged Gull)",Charadriiformes,Laridae,2,-,2,-,-,-,19.08.2014,https://www.tierstimmenarchiv.de/RefSys/downloadSpecies.php?&Species=Larus%20michahellis
https://www.tierstimmenarchiv.de/RefSys/Species.php?PHPSESSID=2r983p6i4fov1oqv9a3b3qcn92&Species=Larus%20marinus&Page=1,"Larus marinus
(Great Black-backed Gull)",Charadriiformes,Laridae,6,-,6,-,-,-,19.08.2014,https://www.tierstimmenarchiv.de/RefSys/downloadSpecies.php?&Species=Larus%20marinus
https://www.tierstimmenarchiv.de/RefSys/Species.php?PHPSESSID=2r983p6i4fov1oqv9a3b3qcn92&Species=Larus%20fuscus&Page=1,"Larus fuscus
(Lesser Black-backed Gull)",Charadriiformes,Laridae,6,-,6,-,-,-,19.08.2014,https://www.tierstimmenarchiv.de/RefSys/downloadSpecies.php?&Species=Larus%20fuscus
https://www.tierstimmenarchiv.de/RefSys/Species.php?PHPSESSID=2r983p6i4fov1oqv9a3b3qcn92&Species=Larus%20canus&Page=1,"Larus canus
(Mew Gull)",Charadriiformes,Laridae,18,-,18,-,-,-,19.08.2014,https://www.tierstimmenarchiv.de/RefSys/downloadSpecies.php?&Species=Larus%20canus
https://www.tierstimmenarchiv.de/RefSys/Species.php?PHPSESSID=2r983p6i4fov1oqv9a3b3qcn92&Species=Larus%20cachinnans&Page=1,"Larus cachinnans
(Caspian Gull)",Charadriiformes,Laridae,4,-,4,-,-,-,19.08.2014,https://www.tierstimmenarchiv.de/RefSys/downloadSpecies.php?&Species=Larus%20cachinnans
https://www.tierstimmenarchiv.de/RefSys/Species.php?PHPSESSID=2r983p6i4fov1oqv9a3b3qcn92&Species=Larus%20argentatus&Page=1,"Larus argentatus
(European Herring Gull)",Charadriiformes,Laridae,12,-,12,-,-,-,19.08.2014,https://www.tierstimmenarchiv.de/RefSys/downloadSpecies.php?&Species=Larus%20argentatus
https://www.tierstimmenarchiv.de/RefSys/Species.php?PHPSESSID=2r983p6i4fov1oqv9a3b3qcn92&Species=Columba%20palumbus&Page=1,"Columba palumbus
(Common Wood Pigeon)",Columbiformes,Columbidae,1,1,-,-,-,-,19.08.2014,https://www.tierstimmenarchiv.de/RefSys/downloadSpecies.php?&Species=Columba%20palumbus
https://www.tierstimmenarchiv.de/RefSys/Species.php?PHPSESSID=2r983p6i4fov1oqv9a3b3qcn92&Species=Columba%20oenas&Page=1,"Columba oenas
(Stock Dove)",Columbiformes,Columbidae,3,2,1,-,-,-,19.08.2014,https://www.tierstimmenarchiv.de/RefSys/downloadSpecies.php?&Species=Columba%20oenas
https://www.tierstimmenarchiv.de/RefSys/Species.php?PHPSESSID=2r983p6i4fov1oqv9a3b3qcn92&Species=Charadrius%20morinellus&Page=1,"Charadrius morinellus
(Eurasian Dotterel)",Charadriiformes,Charadriidae,1,-,1,-,-,-,19.08.2014,https://www.tierstimmenarchiv.de/RefSys/downloadSpecies.php?&Species=Charadrius%20morinellus
https://www.tierstimmenarchiv.de/RefSys/Species.php?PHPSESSID=2r983p6i4fov1oqv9a3b3qcn92&Species=Charadrius%20alexandrinus&Page=1,"Charadrius alexandrinus
(Kentish Plover)",Charadriiformes,Charadriidae,2,2,-,-,-,-,19.08.2014,https://www.tierstimmenarchiv.de/RefSys/downloadSpecies.php?&Species=Charadrius%20alexandrinus
https://www.tierstimmenarchiv.de/RefSys/Species.php?PHPSESSID=2r983p6i4fov1oqv9a3b3qcn92&Species=Carduelis%20citrinella&Page=1,"Carduelis citrinella
(Citril Finch)",Passeriformes,Fringillidae,3,2,1,-,-,-,19.08.2014,https://www.tierstimmenarchiv.de/RefSys/downloadSpecies.php?&Species=Carduelis%20citrinella
https://www.tierstimmenarchiv.de/RefSys/Species.php?PHPSESSID=2r983p6i4fov1oqv9a3b3qcn92&Species=Calidris%20canutus&Page=1,"Calidris canutus
(Red Knot)",Charadriiformes,Scolopacidae,1,-,1,-,-,-,19.08.2014,https://www.tierstimmenarchiv.de/RefSys/downloadSpecies.php?&Species=Calidris%20canutus
https://www.tierstimmenarchiv.de/RefSys/Species.php?PHPSESSID=2r983p6i4fov1oqv9a3b3qcn92&Species=Arenaria%20interpres&Page=1,"Arenaria interpres
(Ruddy Turnstone)",Charadriiformes,Scolopacidae,8,-,4,-,4,-,19.08.2014,https://www.tierstimmenarchiv.de/RefSys/downloadSpecies.php?&Species=Arenaria%20interpres
https://www.tierstimmenarchiv.de/RefSys/Species.php?PHPSESSID=2r983p6i4fov1oqv9a3b3qcn92&Species=Sterna%20hirundo&Page=1,"Sterna hirundo
(Common Tern)",Charadriiformes,Laridae,9,-,9,-,-,-,25.06.2014,https://www.tierstimmenarchiv.de/RefSys/downloadSpecies.php?&Species=Sterna%20hirundo
https://www.tierstimmenarchiv.de/RefSys/Species.php?PHPSESSID=2r983p6i4fov1oqv9a3b3qcn92&Species=Merops%20apiaster&Page=1,"Merops apiaster
(European Bee-eater)",Coraciiformes,Meropidae,18,-,18,-,-,-,25.06.2014,https://www.tierstimmenarchiv.de/RefSys/downloadSpecies.php?&Species=Merops%20apiaster
https://www.tierstimmenarchiv.de/RefSys/Species.php?PHPSESSID=2r983p6i4fov1oqv9a3b3qcn92&Species=Chroicocephalus%20ridibundus&Page=1,"Chroicocephalus ridibundus
(Black-headed Gull)",Charadriiformes,Laridae,21,-,21,-,-,-,25.06.2014,https://www.tierstimmenarchiv.de/RefSys/downloadSpecies.php?&Species=Chroicocephalus%20ridibundus
https://www.tierstimmenarchiv.de/RefSys/Species.php?PHPSESSID=2r983p6i4fov1oqv9a3b3qcn92&Species=Apus%20apus&Page=1,"Apus apus
(Common Swift)",Apodiformes,Apodidae,14,-,11,-,3,-,25.06.2014,https://www.tierstimmenarchiv.de/RefSys/downloadSpecies.php?&Species=Apus%20apus
https://www.tierstimmenarchiv.de/RefSys/Species.php?PHPSESSID=2r983p6i4fov1oqv9a3b3qcn92&Species=Alcedo%20atthis&Page=1,"Alcedo atthis
(Common Kingfisher)",Coraciiformes,Alcedinidae,6,-,6,-,-,-,25.06.2014,https://www.tierstimmenarchiv.de/RefSys/downloadSpecies.php?&Species=Alcedo%20atthis
https://www.tierstimmenarchiv.de/RefSys/Species.php?PHPSESSID=2r983p6i4fov1oqv9a3b3qcn92&Species=Haliaeetus%20albicilla&Page=1,"Haliaeetus albicilla
(White-tailed Eagle)",Accipitriformes,Accipitridae,6,-,6,-,-,-,16.05.2014,https://www.tierstimmenarchiv.de/RefSys/downloadSpecies.php?&Species=Haliaeetus%20albicilla
https://www.tierstimmenarchiv.de/RefSys/Species.php?PHPSESSID=2r983p6i4fov1oqv9a3b3qcn92&Species=Grus%20grus&Page=1,"Grus grus
(Common Crane)",Gruiformes,Gruidae,13,-,13,-,-,-,16.05.2014,https://www.tierstimmenarchiv.de/RefSys/downloadSpecies.php?&Species=Grus%20grus
https://www.tierstimmenarchiv.de/RefSys/Species.php?PHPSESSID=2r983p6i4fov1oqv9a3b3qcn92&Species=Cygnus%20olor&Page=1,"Cygnus olor
(Mute Swan)",Anseriformes,Anatidae,13,-,12,-,1,-,16.05.2014,https://www.tierstimmenarchiv.de/RefSys/downloadSpecies.php?&Species=Cygnus%20olor
https://www.tierstimmenarchiv.de/RefSys/Species.php?PHPSESSID=2r983p6i4fov1oqv9a3b3qcn92&Species=Circus%20aeruginosus&Page=1,"Circus aeruginosus
(Western Marsh Harrier)",Accipitriformes,Accipitridae,9,-,9,-,-,-,16.05.2014,https://www.tierstimmenarchiv.de/RefSys/downloadSpecies.php?&Species=Circus%20aeruginosus
https://www.tierstimmenarchiv.de/RefSys/Species.php?PHPSESSID=2r983p6i4fov1oqv9a3b3qcn92&Species=Chlidonias%20niger&Page=1,"Chlidonias niger
(Black Tern)",Charadriiformes,Laridae,4,-,4,-,-,-,16.05.2014,https://www.tierstimmenarchiv.de/RefSys/downloadSpecies.php?&Species=Chlidonias%20niger
https://www.tierstimmenarchiv.de/RefSys/Species.php?PHPSESSID=2r983p6i4fov1oqv9a3b3qcn92&Species=Chlidonias%20leucopterus&Page=1,"Chlidonias leucopterus
(White-winged Tern)",Charadriiformes,Laridae,6,-,6,-,-,-,16.05.2014,https://www.tierstimmenarchiv.de/RefSys/downloadSpecies.php?&Species=Chlidonias%20leucopterus
https://www.tierstimmenarchiv.de/RefSys/Species.php?PHPSESSID=2r983p6i4fov1oqv9a3b3qcn92&Species=Aythya%20ferina&Page=1,"Aythya ferina
(Common Pochard)",Anseriformes,Anatidae,9,-,9,-,-,-,16.05.2014,https://www.tierstimmenarchiv.de/RefSys/downloadSpecies.php?&Species=Aythya%20ferina
https://www.tierstimmenarchiv.de/RefSys/Species.php?PHPSESSID=2r983p6i4fov1oqv9a3b3qcn92&Species=Ardea%20cinerea&Page=1,"Ardea cinerea
(Grey Heron)",Pelecaniformes,Ardeidae,16,-,16,-,-,-,16.05.2014,https://www.tierstimmenarchiv.de/RefSys/downloadSpecies.php?&Species=Ardea%20cinerea
https://www.tierstimmenarchiv.de/RefSys/Species.php?PHPSESSID=2r983p6i4fov1oqv9a3b3qcn92&Species=Anser%20anser&Page=1,"Anser anser
(Greylag Goose)",Anseriformes,Anatidae,11,-,10,-,1,-,16.05.2014,https://www.tierstimmenarchiv.de/RefSys/downloadSpecies.php?&Species=Anser%20anser
https://www.tierstimmenarchiv.de/RefSys/Species.php?PHPSESSID=2r983p6i4fov1oqv9a3b3qcn92&Species=Anas%20strepera&Page=1,"Anas strepera
(Gadwall)",Anseriformes,Anatidae,9,-,9,-,-,-,16.05.2014,https://www.tierstimmenarchiv.de/RefSys/downloadSpecies.php?&Species=Anas%20strepera
https://www.tierstimmenarchiv.de/RefSys/Species.php?PHPSESSID=2r983p6i4fov1oqv9a3b3qcn92&Species=Anas%20platyrhynchos&Page=1,"Anas platyrhynchos
(Mallard)",Anseriformes,Anatidae,17,-,17,-,-,-,16.05.2014,https://www.tierstimmenarchiv.de/RefSys/downloadSpecies.php?&Species=Anas%20platyrhynchos
https://www.tierstimmenarchiv.de/RefSys/Species.php?PHPSESSID=2r983p6i4fov1oqv9a3b3qcn92&Species=Carpodacus%20erythrinus&Page=1,"Carpodacus erythrinus
(Common Rosefinch)",Passeriformes,Fringillidae,31,31,-,-,-,-,28.02.2014,https://www.tierstimmenarchiv.de/RefSys/downloadSpecies.php?&Species=Carpodacus%20erythrinus
https://www.tierstimmenarchiv.de/RefSys/Species.php?PHPSESSID=2r983p6i4fov1oqv9a3b3qcn92&Species=Oenanthe%20oenanthe&Page=1,"Oenanthe oenanthe
(Northern Wheatear)",Passeriformes,Muscicapidae,9,5,4,-,-,-,20.02.2014,https://www.tierstimmenarchiv.de/RefSys/downloadSpecies.php?&Species=Oenanthe%20oenanthe
https://www.tierstimmenarchiv.de/RefSys/Species.php?PHPSESSID=2r983p6i4fov1oqv9a3b3qcn92&Species=Loxia%20leucoptera&Page=1,"Loxia leucoptera
(Two-barred Crossbill)",Passeriformes,Fringillidae,3,-,2,-,1,-,20.02.2014,https://www.tierstimmenarchiv.de/RefSys/downloadSpecies.php?&Species=Loxia%20leucoptera
https://www.tierstimmenarchiv.de/RefSys/Species.php?PHPSESSID=2r983p6i4fov1oqv9a3b3qcn92&Species=Carduelis%20spinus&Page=1,"Carduelis spinus
(Eurasian Siskin)",Passeriformes,Fringillidae,16,5,11,-,-,-,20.02.2014,https://www.tierstimmenarchiv.de/RefSys/downloadSpecies.php?&Species=Carduelis%20spinus
https://www.tierstimmenarchiv.de/RefSys/Species.php?PHPSESSID=2r983p6i4fov1oqv9a3b3qcn92&Species=Carduelis%20flammea&Page=1,"Carduelis flammea
(Common Redpoll)",Passeriformes,Fringillidae,7,-,7,-,-,-,20.02.2014,https://www.tierstimmenarchiv.de/RefSys/downloadSpecies.php?&Species=Carduelis%20flammea
https://www.tierstimmenarchiv.de/RefSys/Species.php?PHPSESSID=2r983p6i4fov1oqv9a3b3qcn92&Species=Carduelis%20carduelis&Page=1,"Carduelis carduelis
(European Goldfinch)",Passeriformes,Fringillidae,18,14,4,-,-,-,20.02.2014,https://www.tierstimmenarchiv.de/RefSys/downloadSpecies.php?&Species=Carduelis%20carduelis
https://www.tierstimmenarchiv.de/RefSys/Species.php?PHPSESSID=2r983p6i4fov1oqv9a3b3qcn92&Species=Carduelis%20cannabina&Page=1,"Carduelis cannabina
(Common Linnet)",Passeriformes,Fringillidae,18,5,9,-,-,4,20.02.2014,https://www.tierstimmenarchiv.de/RefSys/downloadSpecies.php?&Species=Carduelis%20cannabina
https://www.tierstimmenarchiv.de/RefSys/Species.php?PHPSESSID=2r983p6i4fov1oqv9a3b3qcn92&Species=Podiceps%20grisegena&Page=1,"Podiceps grisegena
(Red-necked Grebe)",Podicipediformes,Podicipedidae,31,-,31,-,-,-,17.02.2014,https://www.tierstimmenarchiv.de/RefSys/downloadSpecies.php?&Species=Podiceps%20grisegena
https://www.tierstimmenarchiv.de/RefSys/Species.php?PHPSESSID=2r983p6i4fov1oqv9a3b3qcn92&Species=Serinus%20serinus&Page=1,"Serinus serinus
(European Serin)",Passeriformes,Fringillidae,11,7,4,-,-,-,17.02.2014,https://www.tierstimmenarchiv.de/RefSys/downloadSpecies.php?&Species=Serinus%20serinus
https://www.tierstimmenarchiv.de/RefSys/Species.php?PHPSESSID=2r983p6i4fov1oqv9a3b3qcn92&Species=Fringilla%20montifringilla&Page=1,"Fringilla montifringilla
(Brambling)",Passeriformes,Fringillidae,23,17,6,-,-,-,17.02.2014,https://www.tierstimmenarchiv.de/RefSys/downloadSpecies.php?&Species=Fringilla%20montifringilla
https://www.tierstimmenarchiv.de/RefSys/Species.php?PHPSESSID=2r983p6i4fov1oqv9a3b3qcn92&Species=Corvus%20frugilegus&Page=1,"Corvus frugilegus
(Rook)",Passeriformes,Corvidae,9,-,9,-,-,-,17.02.2014,https://www.tierstimmenarchiv.de/RefSys/downloadSpecies.php?&Species=Corvus%20frugilegus
https://www.tierstimmenarchiv.de/RefSys/Species.php?PHPSESSID=2r983p6i4fov1oqv9a3b3qcn92&Species=Corvus%20cornix&Page=1,"Corvus cornix
(Hooded Crow)",Passeriformes,Corvidae,18,-,18,-,-,-,17.02.2014,https://www.tierstimmenarchiv.de/RefSys/downloadSpecies.php?&Species=Corvus%20cornix
https://www.tierstimmenarchiv.de/RefSys/Species.php?PHPSESSID=2r983p6i4fov1oqv9a3b3qcn92&Species=Sturnus%20vulgaris&Page=1,"Sturnus vulgaris
(Common Starling)",Passeriformes,Sturnidae,12,6,4,-,2,-,04.02.2014,https://www.tierstimmenarchiv.de/RefSys/downloadSpecies.php?&Species=Sturnus%20vulgaris
https://www.tierstimmenarchiv.de/RefSys/Species.php?PHPSESSID=2r983p6i4fov1oqv9a3b3qcn92&Species=Coloeus%20monedula&Page=1,"Coloeus monedula
(Western Jackdaw)",Passeriformes,Corvidae,7,-,7,-,-,-,08.01.2014,https://www.tierstimmenarchiv.de/RefSys/downloadSpecies.php?&Species=Coloeus%20monedula
https://www.tierstimmenarchiv.de/RefSys/Species.php?PHPSESSID=2r983p6i4fov1oqv9a3b3qcn92&Species=Locustella%20fluviatilis&Page=1,"Locustella fluviatilis
(River Warbler)",Passeriformes,Locustellidae,18,8,10,-,-,-,05.12.2013,https://www.tierstimmenarchiv.de/RefSys/downloadSpecies.php?&Species=Locustella%20fluviatilis
https://www.tierstimmenarchiv.de/RefSys/Species.php?PHPSESSID=2r983p6i4fov1oqv9a3b3qcn92&Species=Delichon%20urbicum&Page=1,"Delichon urbicum
(Common House Martin)",Passeriformes,Hirundinidae,12,1,11,-,-,-,05.12.2013,https://www.tierstimmenarchiv.de/RefSys/downloadSpecies.php?&Species=Delichon%20urbicum
https://www.tierstimmenarchiv.de/RefSys/Species.php?PHPSESSID=2r983p6i4fov1oqv9a3b3qcn92&Species=Saxicola%20rubicola&Page=1,"Saxicola rubicola
(European Stonechat)",Passeriformes,Muscicapidae,14,6,8,-,-,-,17.11.2013,https://www.tierstimmenarchiv.de/RefSys/downloadSpecies.php?&Species=Saxicola%20rubicola
https://www.tierstimmenarchiv.de/RefSys/Species.php?PHPSESSID=2r983p6i4fov1oqv9a3b3qcn92&Species=Phylloscopus%20ibericus&Page=1,"Phylloscopus ibericus
(Iberian Chiffchaff)",Passeriformes,Phylloscopidae,129,105,24,-,-,-,17.11.2013,https://www.tierstimmenarchiv.de/RefSys/downloadSpecies.php?&Species=Phylloscopus%20ibericus
https://www.tierstimmenarchiv.de/RefSys/Species.php?PHPSESSID=2r983p6i4fov1oqv9a3b3qcn92&Species=Phoenicurus%20ochruros&Page=1,"Phoenicurus ochruros
(Black Redstart)",Passeriformes,Muscicapidae,43,34,9,-,-,-,17.11.2013,https://www.tierstimmenarchiv.de/RefSys/downloadSpecies.php?&Species=Phoenicurus%20ochruros
https://www.tierstimmenarchiv.de/RefSys/Species.php?PHPSESSID=2r983p6i4fov1oqv9a3b3qcn92&Species=Nucifraga%20caryocatactes&Page=1,"Nucifraga caryocatactes
(Spotted Nutcracker)",Passeriformes,Corvidae,18,1,17,-,-,-,17.11.2013,https://www.tierstimmenarchiv.de/RefSys/downloadSpecies.php?&Species=Nucifraga%20caryocatactes
https://www.tierstimmenarchiv.de/RefSys/Species.php?PHPSESSID=2r983p6i4fov1oqv9a3b3qcn92&Species=Muscicapa%20striata&Page=1,"Muscicapa striata
(Spotted Flycatcher)",Passeriformes,Muscicapidae,23,1,18,-,4,-,17.11.2013,https://www.tierstimmenarchiv.de/RefSys/downloadSpecies.php?&Species=Muscicapa%20striata
https://www.tierstimmenarchiv.de/RefSys/Species.php?PHPSESSID=2r983p6i4fov1oqv9a3b3qcn92&Species=Luscinia%20luscinia&Page=1,"Luscinia luscinia
(Thrush Nightingale)",Passeriformes,Muscicapidae,133,116,17,-,-,-,17.11.2013,https://www.tierstimmenarchiv.de/RefSys/downloadSpecies.php?&Species=Luscinia%20luscinia
https://www.tierstimmenarchiv.de/RefSys/Species.php?PHPSESSID=2r983p6i4fov1oqv9a3b3qcn92&Species=Hippolais%20icterina&Page=1,"Hippolais icterina
(Icterine Warbler)",Passeriformes,Acrocephalidae,12,11,1,-,-,-,17.11.2013,https://www.tierstimmenarchiv.de/RefSys/downloadSpecies.php?&Species=Hippolais%20icterina
https://www.tierstimmenarchiv.de/RefSys/Species.php?PHPSESSID=2r983p6i4fov1oqv9a3b3qcn92&Species=Gavia%20arctica&Page=1,"Gavia arctica
(Black-throated Loon)",Gaviformes,Gaviidae,6,2,4,-,-,-,17.11.2013,https://www.tierstimmenarchiv.de/RefSys/downloadSpecies.php?&Species=Gavia%20arctica
https://www.tierstimmenarchiv.de/RefSys/Species.php?PHPSESSID=2r983p6i4fov1oqv9a3b3qcn92&Species=Gallinula%20chloropus&Page=1,"Gallinula chloropus
(Common Moorhen)",Gruiformes,Rallidae,28,-,28,-,-,-,17.11.2013,https://www.tierstimmenarchiv.de/RefSys/downloadSpecies.php?&Species=Gallinula%20chloropus
https://www.tierstimmenarchiv.de/RefSys/Species.php?PHPSESSID=2r983p6i4fov1oqv9a3b3qcn92&Species=Ficedula%20parva&Page=1,"Ficedula parva
(Red-breasted Flycatcher)",Passeriformes,Muscicapidae,35,29,6,-,-,-,17.11.2013,https://www.tierstimmenarchiv.de/RefSys/downloadSpecies.php?&Species=Ficedula%20parva
https://www.tierstimmenarchiv.de/RefSys/Species.php?PHPSESSID=2r983p6i4fov1oqv9a3b3qcn92&Species=Emberiza%20hortulana&Page=1,"Emberiza hortulana
(Ortolan Bunting)",Passeriformes,Emberizidae,279,216,63,-,-,-,17.11.2013,https://www.tierstimmenarchiv.de/RefSys/downloadSpecies.php?&Species=Emberiza%20hortulana
https://www.tierstimmenarchiv.de/RefSys/Species.php?PHPSESSID=2r983p6i4fov1oqv9a3b3qcn92&Species=Bubo%20scandiacus&Page=1,"Bubo scandiacus
(Snowy Owl)",Strigiformes,Strigidae,18,-,18,-,-,-,16.11.2013,https://www.tierstimmenarchiv.de/RefSys/downloadSpecies.php?&Species=Bubo%20scandiacus
https://www.tierstimmenarchiv.de/RefSys/Species.php?PHPSESSID=2r983p6i4fov1oqv9a3b3qcn92&Species=Athene%20noctua&Page=1,"Athene noctua
(Little Owl)",Strigiformes,Strigidae,22,5,17,-,-,-,16.11.2013,https://www.tierstimmenarchiv.de/RefSys/downloadSpecies.php?&Species=Athene%20noctua
https://www.tierstimmenarchiv.de/RefSys/Species.php?PHPSESSID=2r983p6i4fov1oqv9a3b3qcn92&Species=Phalacrocorax%20carbo&Page=1,"Phalacrocorax carbo
(Great Cormorant)",Suliformes,Phalacrocoracidae,29,-,29,-,-,-,30.10.2013,https://www.tierstimmenarchiv.de/RefSys/downloadSpecies.php?&Species=Phalacrocorax%20carbo
https://www.tierstimmenarchiv.de/RefSys/Species.php?PHPSESSID=2r983p6i4fov1oqv9a3b3qcn92&Species=Hippolais%20olivetorum&Page=1,"Hippolais olivetorum
(Olive-tree Warbler)",Passeriformes,Acrocephalidae,6,6,-,-,-,-,01.10.2013,https://www.tierstimmenarchiv.de/RefSys/downloadSpecies.php?&Species=Hippolais%20olivetorum
https://www.tierstimmenarchiv.de/RefSys/Species.php?PHPSESSID=2r983p6i4fov1oqv9a3b3qcn92&Species=Clamator%20glandarius&Page=1,"Clamator glandarius
(Great Spotted Cuckoo)",Cuculiformes,Cuculidae,1,1,-,-,-,-,19.07.2013,https://www.tierstimmenarchiv.de/RefSys/downloadSpecies.php?&Species=Clamator%20glandarius
https://www.tierstimmenarchiv.de/RefSys/Species.php?PHPSESSID=2r983p6i4fov1oqv9a3b3qcn92&Species=Aegolius%20funereus&Page=1,"Aegolius funereus
(Boreal Owl)",Strigiformes,Strigidae,50,24,12,-,14,-,19.07.2013,https://www.tierstimmenarchiv.de/RefSys/downloadSpecies.php?&Species=Aegolius%20funereus
https://www.tierstimmenarchiv.de/RefSys/Species.php?PHPSESSID=2r983p6i4fov1oqv9a3b3qcn92&Species=Bubo%20bubo&Page=1,"Bubo bubo
(Eurasian Eagle-Owl)",Strigiformes,Strigidae,7,3,4,-,-,-,18.07.2013,https://www.tierstimmenarchiv.de/RefSys/downloadSpecies.php?&Species=Bubo%20bubo
https://www.tierstimmenarchiv.de/RefSys/Species.php?PHPSESSID=2r983p6i4fov1oqv9a3b3qcn92&Species=Passer%20montanus&Page=1,"Passer montanus
(Eurasian Tree Sparrow)",Passeriformes,Passeridae,22,10,9,-,3,-,03.07.2013,https://www.tierstimmenarchiv.de/RefSys/downloadSpecies.php?&Species=Passer%20montanus
https://www.tierstimmenarchiv.de/RefSys/Species.php?PHPSESSID=2r983p6i4fov1oqv9a3b3qcn92&Species=Passer%20hispaniolensis&Page=1,"Passer hispaniolensis
(Spanish Sparrow)",Passeriformes,Passeridae,2,-,2,-,-,-,03.07.2013,https://www.tierstimmenarchiv.de/RefSys/downloadSpecies.php?&Species=Passer%20hispaniolensis
https://www.tierstimmenarchiv.de/RefSys/Species.php?PHPSESSID=2r983p6i4fov1oqv9a3b3qcn92&Species=Caprimulgus%20europaeus&Page=1,"Caprimulgus europaeus
(European Nightjar)",Caprimulgiformes,Caprimulgidae,20,12,8,-,-,-,03.07.2013,https://www.tierstimmenarchiv.de/RefSys/downloadSpecies.php?&Species=Caprimulgus%20europaeus
https://www.tierstimmenarchiv.de/RefSys/Species.php?PHPSESSID=2r983p6i4fov1oqv9a3b3qcn92&Species=Anthus%20petrosus&Page=1,"Anthus petrosus
(Eurasian Rock Pipit)",Passeriformes,Motacillidae,24,-,24,-,-,-,03.07.2013,https://www.tierstimmenarchiv.de/RefSys/downloadSpecies.php?&Species=Anthus%20petrosus
https://www.tierstimmenarchiv.de/RefSys/Species.php?PHPSESSID=2r983p6i4fov1oqv9a3b3qcn92&Species=Ficedula%20albicollis&Page=1,"Ficedula albicollis
(Collared Flycatcher)",Passeriformes,Muscicapidae,10,5,5,-,-,-,02.05.2013,https://www.tierstimmenarchiv.de/RefSys/downloadSpecies.php?&Species=Ficedula%20albicollis
https://www.tierstimmenarchiv.de/RefSys/Species.php?PHPSESSID=2r983p6i4fov1oqv9a3b3qcn92&Species=Botaurus%20stellaris&Page=1,"Botaurus stellaris
(Eurasian Bittern)",Pelecaniformes,Ardeidae,22,19,-,-,3,-,26.04.2013,https://www.tierstimmenarchiv.de/RefSys/downloadSpecies.php?&Species=Botaurus%20stellaris
https://www.tierstimmenarchiv.de/RefSys/Species.php?PHPSESSID=2r983p6i4fov1oqv9a3b3qcn92&Species=Tyto%20alba&Page=1,"Tyto alba
(Western Barn Owl)",Strigiformes,Tytonidae,25,7,18,-,-,-,28.02.2013,https://www.tierstimmenarchiv.de/RefSys/downloadSpecies.php?&Species=Tyto%20alba
https://www.tierstimmenarchiv.de/RefSys/Species.php?PHPSESSID=2r983p6i4fov1oqv9a3b3qcn92&Species=Strix%20nebulosa&Page=1,"Strix nebulosa
(Great Grey Owl)",Strigiformes,Strigidae,6,-,-,-,6,-,28.02.2013,https://www.tierstimmenarchiv.de/RefSys/downloadSpecies.php?&Species=Strix%20nebulosa
https://www.tierstimmenarchiv.de/RefSys/Species.php?PHPSESSID=2r983p6i4fov1oqv9a3b3qcn92&Species=Strix%20aluco&Page=1,"Strix aluco
(Tawny Owl)",Strigiformes,Strigidae,34,15,6,-,13,-,28.02.2013,https://www.tierstimmenarchiv.de/RefSys/downloadSpecies.php?&Species=Strix%20aluco
https://www.tierstimmenarchiv.de/RefSys/Species.php?PHPSESSID=2r983p6i4fov1oqv9a3b3qcn92&Species=Plectrophenax%20nivalis&Page=1,"Plectrophenax nivalis
(Snow Bunting)",Passeriformes,Calcariidae,6,-,6,-,-,-,28.02.2013,https://www.tierstimmenarchiv.de/RefSys/downloadSpecies.php?&Species=Plectrophenax%20nivalis
https://www.tierstimmenarchiv.de/RefSys/Species.php?PHPSESSID=2r983p6i4fov1oqv9a3b3qcn92&Species=Phylloscopus%20trochiloides&Page=1,"Phylloscopus trochiloides
(Greenish Warbler)",Passeriformes,Phylloscopidae,7,7,-,-,-,-,28.02.2013,https://www.tierstimmenarchiv.de/RefSys/downloadSpecies.php?&Species=Phylloscopus%20trochiloides
https://www.tierstimmenarchiv.de/RefSys/Species.php?PHPSESSID=2r983p6i4fov1oqv9a3b3qcn92&Species=Phylloscopus%20sibilatrix&Page=1,"Phylloscopus sibilatrix
(Wood Warbler)",Passeriformes,Phylloscopidae,34,22,12,-,-,-,28.02.2013,https://www.tierstimmenarchiv.de/RefSys/downloadSpecies.php?&Species=Phylloscopus%20sibilatrix
https://www.tierstimmenarchiv.de/RefSys/Species.php?PHPSESSID=2r983p6i4fov1oqv9a3b3qcn92&Species=Phylloscopus%20canariensis&Page=1,"Phylloscopus canariensis
(Canary Islands Chiffchaff)",Passeriformes,Phylloscopidae,38,26,12,-,-,-,28.02.2013,https://www.tierstimmenarchiv.de/RefSys/downloadSpecies.php?&Species=Phylloscopus%20canariensis
https://www.tierstimmenarchiv.de/RefSys/Species.php?PHPSESSID=2r983p6i4fov1oqv9a3b3qcn92&Species=Phylloscopus%20borealis&Page=1,"Phylloscopus borealis
(Arctic Warbler)",Passeriformes,Phylloscopidae,7,7,-,-,-,-,28.02.2013,https://www.tierstimmenarchiv.de/RefSys/downloadSpecies.php?&Species=Phylloscopus%20borealis
https://www.tierstimmenarchiv.de/RefSys/Species.php?PHPSESSID=2r983p6i4fov1oqv9a3b3qcn92&Species=Otus%20scops&Page=1,"Otus scops
(Eurasian Scops Owl)",Strigiformes,Strigidae,16,12,4,-,-,-,27.02.2013,https://www.tierstimmenarchiv.de/RefSys/downloadSpecies.php?&Species=Otus%20scops
https://www.tierstimmenarchiv.de/RefSys/Species.php?PHPSESSID=2r983p6i4fov1oqv9a3b3qcn92&Species=Jynx%20torquilla&Page=1,"Jynx torquilla
(Eurasian Wryneck)",Piciformes,Picidae,20,9,-,-,11,-,27.02.2013,https://www.tierstimmenarchiv.de/RefSys/downloadSpecies.php?&Species=Jynx%20torquilla
https://www.tierstimmenarchiv.de/RefSys/Species.php?PHPSESSID=2r983p6i4fov1oqv9a3b3qcn92&Species=Ixobrychus%20minutus&Page=1,"Ixobrychus minutus
(Little Bittern)",Pelecaniformes,Ardeidae,5,5,-,-,-,-,27.02.2013,https://www.tierstimmenarchiv.de/RefSys/downloadSpecies.php?&Species=Ixobrychus%20minutus
https://www.tierstimmenarchiv.de/RefSys/Species.php?PHPSESSID=2r983p6i4fov1oqv9a3b3qcn92&Species=Emberiza%20rustica&Page=1,"Emberiza rustica
(Rustic Bunting)",Passeriformes,Emberizidae,32,25,7,-,-,-,27.02.2013,https://www.tierstimmenarchiv.de/RefSys/downloadSpecies.php?&Species=Emberiza%20rustica
https://www.tierstimmenarchiv.de/RefSys/Species.php?PHPSESSID=2r983p6i4fov1oqv9a3b3qcn92&Species=Emberiza%20pusilla&Page=1,"Emberiza pusilla
(Little Bunting)",Passeriformes,Emberizidae,19,19,-,-,-,-,27.02.2013,https://www.tierstimmenarchiv.de/RefSys/downloadSpecies.php?&Species=Emberiza%20pusilla
https://www.tierstimmenarchiv.de/RefSys/Species.php?PHPSESSID=2r983p6i4fov1oqv9a3b3qcn92&Species=Emberiza%20melanocephala&Page=1,"Emberiza melanocephala
(Black-headed Bunting)",Passeriformes,Emberizidae,4,1,3,-,-,-,27.02.2013,https://www.tierstimmenarchiv.de/RefSys/downloadSpecies.php?&Species=Emberiza%20melanocephala
https://www.tierstimmenarchiv.de/RefSys/Species.php?PHPSESSID=2r983p6i4fov1oqv9a3b3qcn92&Species=Emberiza%20cirlus&Page=1,"Emberiza cirlus
(Cirl Bunting)",Passeriformes,Emberizidae,5,5,-,-,-,-,27.02.2013,https://www.tierstimmenarchiv.de/RefSys/downloadSpecies.php?&Species=Emberiza%20cirlus
https://www.tierstimmenarchiv.de/RefSys/Species.php?PHPSESSID=2r983p6i4fov1oqv9a3b3qcn92&Species=Emberiza%20aureola&Page=1,"Emberiza aureola
(Yellow-breasted Bunting)",Passeriformes,Emberizidae,11,11,-,-,-,-,27.02.2013,https://www.tierstimmenarchiv.de/RefSys/downloadSpecies.php?&Species=Emberiza%20aureola
https://www.tierstimmenarchiv.de/RefSys/Species.php?PHPSESSID=2r983p6i4fov1oqv9a3b3qcn92&Species=Dendrocopos%20medius&Page=1,"Dendrocopos medius
(Middle Spotted Woodpecker)",Piciformes,Picidae,50,5,25,4,16,-,26.02.2013,https://www.tierstimmenarchiv.de/RefSys/downloadSpecies.php?&Species=Dendrocopos%20medius
https://www.tierstimmenarchiv.de/RefSys/Species.php?PHPSESSID=2r983p6i4fov1oqv9a3b3qcn92&Species=Cuculus%20canorus&Page=1,"Cuculus canorus
(Common Cuckoo)",Cuculiformes,Cuculidae,19,18,1,-,-,-,26.02.2013,https://www.tierstimmenarchiv.de/RefSys/downloadSpecies.php?&Species=Cuculus%20canorus
https://www.tierstimmenarchiv.de/RefSys/Species.php?PHPSESSID=2r983p6i4fov1oqv9a3b3qcn92&Species=Calcarius%20lapponicus&Page=1,"Calcarius lapponicus
(Lapland Longspur)",Passeriformes,Calcariidae,5,5,-,-,-,-,26.02.2013,https://www.tierstimmenarchiv.de/RefSys/downloadSpecies.php?&Species=Calcarius%20lapponicus
